Schedule Codes,Purpose,Level,Subject,Tutor,Day,Centre,Classroom,Capacity,Date (text),Start Time,Subject(Display),Topic,Date,Timeslot (+2hr),Form Controls,Form Option to Display
"Sec SepCC<>S2 2026<>Sec - LS Math<>Vegas<>Tuesday<>Buona Vista<>BV-1 (L3)<>28<>8 Sep<>10:00 am<>","Sec SepCC","S2 2026","Sec - LS Math","Vegas","Tuesday","Buona Vista","BV-1 (L3)","28","08 Sep (Tue)","10:00:00 AM","S2 Math","Similarity & Congruency, Volume and SA of Pyramids, Cones and Spheres","9/8/2026","10:00AM - 12:00PM","Open - Running","[S2 Math] Buona Vista | 08 Sep (Tue) | 10:00AM - 12:00PM"
"Sec SepCC<>S3 2026<>Sec - EM<>Vegas<>Wednesday<>Buona Vista<>BV-1 (L3)<>28<>9 Sep<>10:00 am<>","Sec SepCC","S3 2026","Sec - EM","Vegas","Wednesday","Buona Vista","BV-1 (L3)","28","09 Sep (Wed)","10:00:00 AM","S3 E Math","Applications of Trigonometry","9/9/2026","10:00AM - 12:00PM","Open - Running","[S3 E Math] Buona Vista | 09 Sep (Wed) | 10:00AM - 12:00PM"
"Sec SepCC<>S3 2026<>Sec - AM<>Vegas<>Wednesday<>Buona Vista<>BV-1 (L3)<>28<>9 Sep<>1:00 pm<>","Sec SepCC","S3 2026","Sec - AM","Vegas","Wednesday","Buona Vista","BV-1 (L3)","28","09 Sep (Wed)","1:00:00 PM","S3 A Math","Trigonometry","9/9/2026","01:00PM - 03:00PM","Open - Running","[S3 A Math] Buona Vista | 09 Sep (Wed) | 01:00PM - 03:00PM"
"Sec SepCC<>S2 2026<>Sec - LS Math<>Vegas<>Friday<>Buona Vista<>BV-1 (L3)<>28<>11 Sep<>10:00 am<>","Sec SepCC","S2 2026","Sec - LS Math","Vegas","Friday","Buona Vista","BV-1 (L3)","28","11 Sep (Fri)","10:00:00 AM","S2 Math","Similarity & Congruency, Volume and SA of Pyramids, Cones and Spheres","9/11/2026","10:00AM - 12:00PM","Open - Running","[S2 Math] Buona Vista | 11 Sep (Fri) | 10:00AM - 12:00PM"
"Sec SepCC<>S2 2026<>Sec - LS Math<>Vegas<>Friday<>Buona Vista<>BV-1 (L3)<>28<>11 Sep<>1:00 pm<>","Sec SepCC","S2 2026","Sec - LS Math","Vegas","Friday","Buona Vista","BV-1 (L3)","28","11 Sep (Fri)","1:00:00 PM","S2 Math","Similarity & Congruency, Volume and SA of Pyramids, Cones and Spheres","9/11/2026","01:00PM - 03:00PM","Open - Running","[S2 Math] Buona Vista | 11 Sep (Fri) | 01:00PM - 03:00PM"
"Sec SepCC<>S2 2026<>Sec - LS Math<>Jacelyn<>Wednesday<>Buona Vista<>BV-2 (L3)<>18<>9 Sep<>10:00 am<>","Sec SepCC","S2 2026","Sec - LS Math","Jacelyn","Wednesday","Buona Vista","BV-2 (L3)","18","09 Sep (Wed)","10:00:00 AM","S2 Math","Similarity & Congruency, Volume and SA of Pyramids, Cones and Spheres","9/9/2026","10:00AM - 12:00PM","Open - Running","[S2 Math] Buona Vista | 09 Sep (Wed) | 10:00AM - 12:00PM"
"Sec SepCC<>S1 2026<>Sec - LS Math<>Jacelyn<>Wednesday<>Buona Vista<>BV-2 (L3)<>18<>9 Sep<>1:00 pm<>","Sec SepCC","S1 2026","Sec - LS Math","Jacelyn","Wednesday","Buona Vista","BV-2 (L3)","18","09 Sep (Wed)","1:00:00 PM","S1 Math","Angles, Triangles & Polygons, Perimeter and Area of Planar Figures","9/9/2026","01:00PM - 03:00PM","Open - Running","[S1 Math] Buona Vista | 09 Sep (Wed) | 01:00PM - 03:00PM"
"Sec SepCC<>S3 2026<>Sec - P Chem<>Crystal<>Tuesday<>Buona Vista<>BV-3 (L2)<>28<>8 Sep<>1:00 pm<>","Sec SepCC","S3 2026","Sec - P Chem","Crystal","Tuesday","Buona Vista","BV-3 (L2)","28","08 Sep (Tue)","1:00:00 PM","S3 Pure Chemistry","EOY Revison on Chemical Bonding and Structures, Acids and Bases, Mole Calculation","9/8/2026","01:00PM - 03:00PM","Open - Running","[S3 Pure Chemistry] Buona Vista | 08 Sep (Tue) | 01:00PM - 03:00PM"
"Sec SepCC<>S3 2026<>Sec - EM<>Vegas<>Thursday<>Buona Vista<>BV-3 (L2)<>28<>10 Sep<>10:00 am<>","Sec SepCC","S3 2026","Sec - EM","Vegas","Thursday","Buona Vista","BV-3 (L2)","28","10 Sep (Thu)","10:00:00 AM","S3 E Math","Applications of Trigonometry","9/10/2026","10:00AM - 12:00PM","Open - Running","[S3 E Math] Buona Vista | 10 Sep (Thu) | 10:00AM - 12:00PM"
"Sec SepCC<>S3 2026<>Sec - AM<>Vegas<>Thursday<>Buona Vista<>BV-3 (L2)<>28<>10 Sep<>1:00 pm<>","Sec SepCC","S3 2026","Sec - AM","Vegas","Thursday","Buona Vista","BV-3 (L2)","28","10 Sep (Thu)","1:00:00 PM","S3 A Math","Trigonometry","9/10/2026","01:00PM - 03:00PM","Open - Running","[S3 A Math] Buona Vista | 10 Sep (Thu) | 01:00PM - 03:00PM"
"Sec SepCC<>S3 2026<>Sec - P Phy<>Melissa<>Wednesday<>Buona Vista<>BV-4 (L2)<>22<>9 Sep<>10:00 am<>","Sec SepCC","S3 2026","Sec - P Phy","Melissa","Wednesday","Buona Vista","BV-4 (L2)","22","09 Sep (Wed)","10:00:00 AM","S3 Pure Physics","EOY Revision on Dynamics, Light, Thermal Properties of Matter","9/9/2026","10:00AM - 12:00PM","Open - Running","[S3 Pure Physics] Buona Vista | 09 Sep (Wed) | 10:00AM - 12:00PM"
"Sec SepCC<>S3 2026<>Sec - P Chem<>Melissa<>Wednesday<>Buona Vista<>BV-4 (L2)<>22<>9 Sep<>1:00 pm<>","Sec SepCC","S3 2026","Sec - P Chem","Melissa","Wednesday","Buona Vista","BV-4 (L2)","22","09 Sep (Wed)","1:00:00 PM","S3 Pure Chemistry","EOY Revison on Chemical Bonding and Structures, Acids and Bases, Mole Calculation","9/9/2026","01:00PM - 03:00PM","Open - Running","[S3 Pure Chemistry] Buona Vista | 09 Sep (Wed) | 01:00PM - 03:00PM"
"Sec SepCC<>S2 2026<>Sec - Eng<>Jo-Anne<>Friday<>Buona Vista<>BV-4 (L2)<>22<>11 Sep<>10:00 am<>","Sec SepCC","S2 2026","Sec - Eng","Jo-Anne","Friday","Buona Vista","BV-4 (L2)","22","11 Sep (Fri)","10:00:00 AM","S2 English","Summary Writing","9/11/2026","10:00AM - 12:00PM","Open - Running","[S2 English] Buona Vista | 11 Sep (Fri) | 10:00AM - 12:00PM"
"Sec SepCC<>S3 2026<>Sec - P Chem<>Melissa<>Friday<>Buona Vista<>BV-4 (L2)<>22<>11 Sep<>1:00 pm<>","Sec SepCC","S3 2026","Sec - P Chem","Melissa","Friday","Buona Vista","BV-4 (L2)","22","11 Sep (Fri)","1:00:00 PM","S3 Pure Chemistry","EOY Revison on Chemical Bonding and Structures, Acids and Bases, Mole Calculation","9/11/2026","01:00PM - 03:00PM","Open - Running","[S3 Pure Chemistry] Buona Vista | 11 Sep (Fri) | 01:00PM - 03:00PM"
"Sec SepCC<>S1 2026<>Sec - LS Math<>Jacelyn<>Monday<>Buona Vista<>BV-6 (L2)<>15<>7 Sep<>10:00 am<>","Sec SepCC","S1 2026","Sec - LS Math","Jacelyn","Monday","Buona Vista","BV-6 (L2)","15","07 Sep (Mon)","10:00:00 AM","S1 Math","Angles, Triangles & Polygons, Perimeter and Area of Planar Figures","9/7/2026","10:00AM - 12:00PM","Open - Running","[S1 Math] Buona Vista | 07 Sep (Mon) | 10:00AM - 12:00PM"
"Sec SepCC<>S2 2026<>Sec - LS Math<>Jacelyn<>Monday<>Buona Vista<>BV-6 (L2)<>15<>7 Sep<>1:00 pm<>","Sec SepCC","S2 2026","Sec - LS Math","Jacelyn","Monday","Buona Vista","BV-6 (L2)","15","07 Sep (Mon)","1:00:00 PM","S2 Math","Similarity & Congruency, Volume and SA of Pyramids, Cones and Spheres","9/7/2026","01:00PM - 03:00PM","Open - Running","[S2 Math] Buona Vista | 07 Sep (Mon) | 01:00PM - 03:00PM"
"Sec SepCC<>S3 2026<>Sec - P Phy<>Jerlyn<>Friday<>Buona Vista<>BV-6 (L2)<>15<>11 Sep<>10:00 am<>","Sec SepCC","S3 2026","Sec - P Phy","Jerlyn","Friday","Buona Vista","BV-6 (L2)","15","11 Sep (Fri)","10:00:00 AM","S3 Pure Physics","EOY Revision on Dynamics, Light, Thermal Properties of Matter","9/11/2026","10:00AM - 12:00PM","Open - Running","[S3 Pure Physics] Buona Vista | 11 Sep (Fri) | 10:00AM - 12:00PM"
"Sec SepCC<>S2 2026<>Sec - LS Math<>Lisa<>Monday<>Tan Kah Kee<>TKK-1<>14<>7 Sep<>12:00 pm<>","Sec SepCC","S2 2026","Sec - LS Math","Lisa","Monday","Tan Kah Kee","TKK-1","14","07 Sep (Mon)","12:00:00 PM","S2 Math","Similarity & Congruency, Volume and SA of Pyramids, Cones and Spheres","9/7/2026","12:00PM - 02:00PM","Open - Running","[S2 Math] Tan Kah Kee | 07 Sep (Mon) | 12:00PM - 02:00PM"
"Sec SepCC<>S3 2026<>Sec - AM<>Lisa<>Monday<>Tan Kah Kee<>TKK-1<>14<>7 Sep<>2:00 pm<>","Sec SepCC","S3 2026","Sec - AM","Lisa","Monday","Tan Kah Kee","TKK-1","14","07 Sep (Mon)","2:00:00 PM","S3 A Math","Trigonometry","9/7/2026","02:00PM - 04:00PM","Open - Running","[S3 A Math] Tan Kah Kee | 07 Sep (Mon) | 02:00PM - 04:00PM"
"Sec SepCC<>S3 2026<>Sec - EM<>Lisa<>Tuesday<>Tan Kah Kee<>TKK-1<>14<>8 Sep<>2:00 pm<>","Sec SepCC","S3 2026","Sec - EM","Lisa","Tuesday","Tan Kah Kee","TKK-1","14","08 Sep (Tue)","2:00:00 PM","S3 E Math","Applications of Trigonometry","9/8/2026","02:00PM - 04:00PM","Open - Running","[S3 E Math] Tan Kah Kee | 08 Sep (Tue) | 02:00PM - 04:00PM"
"Sec SepCC<>S2 2026<>Sec - LS Math<>Lisa<>Wednesday<>Tan Kah Kee<>TKK-1<>14<>9 Sep<>10:00 am<>","Sec SepCC","S2 2026","Sec - LS Math","Lisa","Wednesday","Tan Kah Kee","TKK-1","14","09 Sep (Wed)","10:00:00 AM","S2 Math","Similarity & Congruency, Volume and SA of Pyramids, Cones and Spheres","9/9/2026","10:00AM - 12:00PM","Open - Running","[S2 Math] Tan Kah Kee | 09 Sep (Wed) | 10:00AM - 12:00PM"
"Sec SepCC<>S3 2026<>Sec - EM<>Lisa<>Wednesday<>Tan Kah Kee<>TKK-1<>14<>9 Sep<>12:00 pm<>","Sec SepCC","S3 2026","Sec - EM","Lisa","Wednesday","Tan Kah Kee","TKK-1","14","09 Sep (Wed)","12:00:00 PM","S3 E Math","Applications of Trigonometry","9/9/2026","12:00PM - 02:00PM","Open - Running","[S3 E Math] Tan Kah Kee | 09 Sep (Wed) | 12:00PM - 02:00PM"
"Sec SepCC<>S3 2026<>Sec - AM<>Lisa<>Wednesday<>Tan Kah Kee<>TKK-1<>14<>9 Sep<>2:00 pm<>","Sec SepCC","S3 2026","Sec - AM","Lisa","Wednesday","Tan Kah Kee","TKK-1","14","09 Sep (Wed)","2:00:00 PM","S3 A Math","Trigonometry","9/9/2026","02:00PM - 04:00PM","Open - Running","[S3 A Math] Tan Kah Kee | 09 Sep (Wed) | 02:00PM - 04:00PM"
"Sec SepCC<>S3 2026<>Sec - Eng<>Adam<>Friday<>Tan Kah Kee<>TKK-1<>14<>11 Sep<>3:00 pm<>","Sec SepCC","S3 2026","Sec - Eng","Adam","Friday","Tan Kah Kee","TKK-1","14","11 Sep (Fri)","3:00:00 PM","S3 English","Summary Writing","9/11/2026","03:00PM - 05:00PM","Open - Running","[S3 English] Tan Kah Kee | 11 Sep (Fri) | 03:00PM - 05:00PM"
"Sec SepCC<>S3 2026<>Sec - P Chem<>Nicholas<>Saturday<>Tan Kah Kee<>TKK-1<>14<>12 Sep<>2:00 pm<>","Sec SepCC","S3 2026","Sec - P Chem","Nicholas","Saturday","Tan Kah Kee","TKK-1","14","12 Sep (Sat)","2:00:00 PM","S3 Pure Chemistry","EOY Revison on Chemical Bonding and Structures, Acids and Bases, Mole Calculation","9/12/2026","02:00PM - 04:00PM","Open - Running","[S3 Pure Chemistry] Tan Kah Kee | 12 Sep (Sat) | 02:00PM - 04:00PM"
"Sec SepCC<>S3 2026<>Sec - EM<>Lisa<>Saturday<>Tan Kah Kee<>TKK-2<>30<>5 Sep<>2:00 pm<>","Sec SepCC","S3 2026","Sec - EM","Lisa","Saturday","Tan Kah Kee","TKK-2","30","05 Sep (Sat)","2:00:00 PM","S3 E Math","Applications of Trigonometry","9/5/2026","02:00PM - 04:00PM","Open - Running","[S3 E Math] Tan Kah Kee | 05 Sep (Sat) | 02:00PM - 04:00PM"
"Sec SepCC<>S3 2026<>Sec - IP Math<>E-Lin<>Tuesday<>Tan Kah Kee<>TKK-2<>30<>8 Sep<>1:00 pm<>","Sec SepCC","S3 2026","Sec - IP Math","E-Lin","Tuesday","Tan Kah Kee","TKK-2","30","08 Sep (Tue)","1:00:00 PM","S3 IP Math","Trigo identites and equation","9/8/2026","01:00PM - 03:00PM","Open - Running","[S3 IP Math] Tan Kah Kee | 08 Sep (Tue) | 01:00PM - 03:00PM"
"Sec SepCC<>S3 2026<>Sec - EM<>Lisa<>Saturday<>Tan Kah Kee<>TKK-2<>30<>12 Sep<>2:00 pm<>","Sec SepCC","S3 2026","Sec - EM","Lisa","Saturday","Tan Kah Kee","TKK-2","30","12 Sep (Sat)","2:00:00 PM","S3 E Math","Applications of Trigonometry","9/12/2026","02:00PM - 04:00PM","Open - Running","[S3 E Math] Tan Kah Kee | 12 Sep (Sat) | 02:00PM - 04:00PM"
"Sec SepCC<>S2 2026<>Sec - IP Math<>E-Lin<>Wednesday<>Tan Kah Kee<>TKK-3<>19<>9 Sep<>3:00 pm<>","Sec SepCC","S2 2026","Sec - IP Math","E-Lin","Wednesday","Tan Kah Kee","TKK-3","19","09 Sep (Wed)","3:00:00 PM","S2 IP Math","Trigonometry I","9/9/2026","03:00PM - 05:00PM","Open - Running","[S2 IP Math] Tan Kah Kee | 09 Sep (Wed) | 03:00PM - 05:00PM"
"Sec SepCC<>S1 2026<>Sec - IP Math<>E-Lin<>Saturday<>Tan Kah Kee<>TKK-3<>19<>12 Sep<>12:00 pm<>","Sec SepCC","S1 2026","Sec - IP Math","E-Lin","Saturday","Tan Kah Kee","TKK-3","19","12 Sep (Sat)","12:00:00 PM","S1 IP Math","Linear inequalities","9/12/2026","12:00PM - 02:00PM","Open - Running","[S1 IP Math] Tan Kah Kee | 12 Sep (Sat) | 12:00PM - 02:00PM"
"Sec SepCC<>S3 2026<>Sec - EM<>Alicia<>Monday<>Potong Pasir<>PP-2 (L1)<>21<>7 Sep<>10:00 am<>","Sec SepCC","S3 2026","Sec - EM","Alicia","Monday","Potong Pasir","PP-2 (L1)","21","07 Sep (Mon)","10:00:00 AM","S3 E Math","Applications of Trigonometry","9/7/2026","10:00AM - 12:00PM","Open - Running","[S3 E Math] Potong Pasir | 07 Sep (Mon) | 10:00AM - 12:00PM"
"Sec SepCC<>S3 2026<>Sec - AM<>Alicia<>Monday<>Potong Pasir<>PP-2 (L1)<>21<>7 Sep<>1:00 pm<>","Sec SepCC","S3 2026","Sec - AM","Alicia","Monday","Potong Pasir","PP-2 (L1)","21","07 Sep (Mon)","1:00:00 PM","S3 A Math","Trigonometry","9/7/2026","01:00PM - 03:00PM","Open - Running","[S3 A Math] Potong Pasir | 07 Sep (Mon) | 01:00PM - 03:00PM"
"Sec SepCC<>S3 2026<>Sec - AM<>Alicia<>Wednesday<>Potong Pasir<>PP-2 (L1)<>21<>9 Sep<>10:00 am<>","Sec SepCC","S3 2026","Sec - AM","Alicia","Wednesday","Potong Pasir","PP-2 (L1)","21","09 Sep (Wed)","10:00:00 AM","S3 A Math","Trigonometry","9/9/2026","10:00AM - 12:00PM","Open - Running","[S3 A Math] Potong Pasir | 09 Sep (Wed) | 10:00AM - 12:00PM"
"Sec SepCC<>S3 2026<>Sec - EM<>Alicia<>Wednesday<>Potong Pasir<>PP-2 (L1)<>21<>9 Sep<>1:00 pm<>","Sec SepCC","S3 2026","Sec - EM","Alicia","Wednesday","Potong Pasir","PP-2 (L1)","21","09 Sep (Wed)","1:00:00 PM","S3 E Math","Applications of Trigonometry","9/9/2026","01:00PM - 03:00PM","Open - Running","[S3 E Math] Potong Pasir | 09 Sep (Wed) | 01:00PM - 03:00PM"
"Sec SepCC<>S3 2026<>Sec - Eng<>Natalie<>Monday<>Potong Pasir<>PP-1 (L1)<>18<>7 Sep<>10:00 am<>","Sec SepCC","S3 2026","Sec - Eng","Natalie","Monday","Potong Pasir","PP-1 (L1)","18","07 Sep (Mon)","10:00:00 AM","S3 English","Summary Writing","9/7/2026","10:00AM - 12:00PM","Open - Running","[S3 English] Potong Pasir | 07 Sep (Mon) | 10:00AM - 12:00PM"
"Sec SepCC<>S3 2026<>Sec - P Phy<>Nick<>Wednesday<>Potong Pasir<>PP-1 (L1)<>18<>9 Sep<>10:00 am<>","Sec SepCC","S3 2026","Sec - P Phy","Nick","Wednesday","Potong Pasir","PP-1 (L1)","18","09 Sep (Wed)","10:00:00 AM","S3 Pure Physics","EOY Revision on Dynamics, Light, Thermal Properties of Matter","9/9/2026","10:00AM - 12:00PM","Open - Running","[S3 Pure Physics] Potong Pasir | 09 Sep (Wed) | 10:00AM - 12:00PM"
"Sec SepCC<>S3 2026<>Sec - P Chem<>Nick<>Wednesday<>Potong Pasir<>PP-1 (L1)<>18<>9 Sep<>1:00 pm<>","Sec SepCC","S3 2026","Sec - P Chem","Nick","Wednesday","Potong Pasir","PP-1 (L1)","18","09 Sep (Wed)","1:00:00 PM","S3 Pure Chemistry","EOY Revison on Chemical Bonding and Structures, Acids and Bases, Mole Calculation","9/9/2026","01:00PM - 03:00PM","Open - Running","[S3 Pure Chemistry] Potong Pasir | 09 Sep (Wed) | 01:00PM - 03:00PM"
"Sec SepCC<>S2 2026<>Sec - Eng<>Natalie<>Thursday<>Potong Pasir<>PP-1 (L1)<>18<>10 Sep<>10:00 am<>","Sec SepCC","S2 2026","Sec - Eng","Natalie","Thursday","Potong Pasir","PP-1 (L1)","18","10 Sep (Thu)","10:00:00 AM","S2 English","Summary Writing","9/10/2026","10:00AM - 12:00PM","Open - Running","[S2 English] Potong Pasir | 10 Sep (Thu) | 10:00AM - 12:00PM"
"Sec SepCC<>S3 2026<>SS - C Hist<>Evan<>Tuesday<>Potong Pasir<>PP-7<>16<>8 Sep<>1:00 pm<>","Sec SepCC","S3 2026","SS - C Hist","Evan","Tuesday","Potong Pasir","PP-7","16","08 Sep (Tue)","1:00:00 PM","S3 Combined History","Outbreak of WW2 SBQ & SEQ","9/8/2026","01:00PM - 03:00PM","Open - Running","[S3 Combined History] Potong Pasir | 08 Sep (Tue) | 01:00PM - 03:00PM"
"Sec SepCC<>S3 2026<>SS - C Hist<>Evan<>Wednesday<>Potong Pasir<>PP-7<>16<>9 Sep<>1:00 pm<>","Sec SepCC","S3 2026","SS - C Hist","Evan","Wednesday","Potong Pasir","PP-7","16","09 Sep (Wed)","1:00:00 PM","S3 Combined History","Outbreak of WW2 SBQ & SEQ","9/9/2026","01:00PM - 03:00PM","Open - Running","[S3 Combined History] Potong Pasir | 09 Sep (Wed) | 01:00PM - 03:00PM"
"Sec SepCC<>S3 2026<>Sec - P Bio<>Natasha<>Tuesday<>Paya Lebar<>KINEX-1<>24<>8 Sep<>10:00 am<>","Sec SepCC","S3 2026","Sec - P Bio","Natasha","Tuesday","Paya Lebar","KINEX-1","24","08 Sep (Tue)","10:00:00 AM","S3 Pure Biology","Transport in humans","9/8/2026","10:00AM - 12:00PM","Open - Running","[S3 Pure Biology] Paya Lebar | 08 Sep (Tue) | 10:00AM - 12:00PM"
"Sec SepCC<>S3 2026<>Sec - P Chem<>Nick<>Thursday<>Paya Lebar<>KINEX-1<>24<>10 Sep<>10:00 am<>","Sec SepCC","S3 2026","Sec - P Chem","Nick","Thursday","Paya Lebar","KINEX-1","24","10 Sep (Thu)","10:00:00 AM","S3 Pure Chemistry","EOY Revison on Chemical Bonding and Structures, Acids and Bases, Mole Calculation","9/10/2026","10:00AM - 12:00PM","Open - Running","[S3 Pure Chemistry] Paya Lebar | 10 Sep (Thu) | 10:00AM - 12:00PM"
"Sec SepCC<>S3 2026<>Sec - P Phy<>Nick<>Tuesday<>Paya Lebar<>KINEX-2<>30<>8 Sep<>10:00 am<>","Sec SepCC","S3 2026","Sec - P Phy","Nick","Tuesday","Paya Lebar","KINEX-2","30","08 Sep (Tue)","10:00:00 AM","S3 Pure Physics","EOY Revision on Dynamics, Light, Thermal Properties of Matter","9/8/2026","10:00AM - 12:00PM","Open - Running","[S3 Pure Physics] Paya Lebar | 08 Sep (Tue) | 10:00AM - 12:00PM"
"Sec SepCC<>S3 2026<>Sec - AM<>Keith<>Saturday<>Paya Lebar<>KINEX-2<>30<>12 Sep<>2:00 pm<>","Sec SepCC","S3 2026","Sec - AM","Keith","Saturday","Paya Lebar","KINEX-2","30","12 Sep (Sat)","2:00:00 PM","S3 A Math","Trigonometry","9/12/2026","02:00PM - 04:00PM","Open - Running","[S3 A Math] Paya Lebar | 12 Sep (Sat) | 02:00PM - 04:00PM"
"Sec SepCC<>S3 2026<>Sec - AM<>Keith<>Wednesday<>Paya Lebar<>KINEX-5<>22<>9 Sep<>5:00 pm<>","Sec SepCC","S3 2026","Sec - AM","Keith","Wednesday","Paya Lebar","KINEX-5","22","09 Sep (Wed)","5:00:00 PM","S3 A Math","Trigonometry","9/9/2026","05:00PM - 07:00PM","Open - Running","[S3 A Math] Paya Lebar | 09 Sep (Wed) | 05:00PM - 07:00PM"
"Sec SepCC<>S1 2026<>Sec - Eng<>Natalie<>Tuesday<>Tampines<>TP-1 (main)<>28<>8 Sep<>10:00 am<>","Sec SepCC","S1 2026","Sec - Eng","Natalie","Tuesday","Tampines","TP-1 (main)","28","08 Sep (Tue)","10:00:00 AM","S1 English","Summary Writing","9/8/2026","10:00AM - 12:00PM","Open - Running","[S1 English] Tampines | 08 Sep (Tue) | 10:00AM - 12:00PM"
"Sec SepCC<>S3 2026<>Sec - Eng<>Natalie<>Friday<>Tampines<>TP-1 (main)<>28<>11 Sep<>10:00 am<>","Sec SepCC","S3 2026","Sec - Eng","Natalie","Friday","Tampines","TP-1 (main)","28","11 Sep (Fri)","10:00:00 AM","S3 English","Summary Writing","9/11/2026","10:00AM - 12:00PM","Open - Running","[S3 English] Tampines | 11 Sep (Fri) | 10:00AM - 12:00PM"
"Sec SepCC<>S2 2026<>Sec - Eng<>Natalie<>Friday<>Tampines<>TP-1 (main)<>28<>11 Sep<>1:00 pm<>","Sec SepCC","S2 2026","Sec - Eng","Natalie","Friday","Tampines","TP-1 (main)","28","11 Sep (Fri)","1:00:00 PM","S2 English","Summary Writing","9/11/2026","01:00PM - 03:00PM","Open - Running","[S2 English] Tampines | 11 Sep (Fri) | 01:00PM - 03:00PM"
"Sec SepCC<>S1 2026<>Sec - LS Science<>Beckham<>Tuesday<>Tampines<>TP-2 (main)<>22<>8 Sep<>1:00 pm<>","Sec SepCC","S1 2026","Sec - LS Science","Beckham","Tuesday","Tampines","TP-2 (main)","22","08 Sep (Tue)","1:00:00 PM","S1 Science","Atoms & Molecules","9/8/2026","01:00PM - 03:00PM","Open - Running","[S1 Science] Tampines | 08 Sep (Tue) | 01:00PM - 03:00PM"
"Sec SepCC<>S3 2026<>Sec - P Chem<>Shannon<>Wednesday<>Tampines<>TP-2 (main)<>22<>9 Sep<>10:00 am<>","Sec SepCC","S3 2026","Sec - P Chem","Shannon","Wednesday","Tampines","TP-2 (main)","22","09 Sep (Wed)","10:00:00 AM","S3 Pure Chemistry","EOY Revison on Chemical Bonding and Structures, Acids and Bases, Mole Calculation","9/9/2026","10:00AM - 12:00PM","Open - Running","[S3 Pure Chemistry] Tampines | 09 Sep (Wed) | 10:00AM - 12:00PM"
"Sec SepCC<>S3 2026<>Sec - C Chem<>Shannon<>Wednesday<>Tampines<>TP-2 (main)<>22<>9 Sep<>1:00 pm<>","Sec SepCC","S3 2026","Sec - C Chem","Shannon","Wednesday","Tampines","TP-2 (main)","22","09 Sep (Wed)","1:00:00 PM","S3 Combined Chemistry","EOY Revison on Chemical Bonding and Structures, Acids and Bases, Mole Calculation","9/9/2026","01:00PM - 03:00PM","Open - Running","[S3 Combined Chemistry] Tampines | 09 Sep (Wed) | 01:00PM - 03:00PM"
"Sec SepCC<>S3 2026<>SS - C Hist<>Evan<>Friday<>Tampines<>TP-2 (main)<>22<>11 Sep<>1:00 pm<>","Sec SepCC","S3 2026","SS - C Hist","Evan","Friday","Tampines","TP-2 (main)","22","11 Sep (Fri)","1:00:00 PM","S3 Combined History","Outbreak of WW2 SBQ & SEQ","9/11/2026","01:00PM - 03:00PM","Open - Running","[S3 Combined History] Tampines | 11 Sep (Fri) | 01:00PM - 03:00PM"
"Sec SepCC<>S1 2026<>Sec - LS Science<>Beckham<>Friday<>Tampines<>TP-3 (main)<>20<>11 Sep<>1:00 pm<>","Sec SepCC","S1 2026","Sec - LS Science","Beckham","Friday","Tampines","TP-3 (main)","20","11 Sep (Fri)","1:00:00 PM","S1 Science","Atoms & Molecules","9/11/2026","01:00PM - 03:00PM","Open - Running","[S1 Science] Tampines | 11 Sep (Fri) | 01:00PM - 03:00PM"
"Sec SepCC<>S3 2026<>Sec - AM<>Gwen<>Monday<>Tampines<>TP-4 (ext)<>35<>7 Sep<>11:00 am<>","Sec SepCC","S3 2026","Sec - AM","Gwen","Monday","Tampines","TP-4 (ext)","35","07 Sep (Mon)","11:00:00 AM","S3 A Math","Trigonometry","9/7/2026","11:15AM - 01:15PM","Open - Running","[S3 A Math] Tampines | 07 Sep (Mon) | 11:15AM - 01:15PM"
"Sec SepCC<>S3 2026<>Sec - EM<>Gwen<>Monday<>Tampines<>TP-4 (ext)<>35<>7 Sep<>2:00 pm<>","Sec SepCC","S3 2026","Sec - EM","Gwen","Monday","Tampines","TP-4 (ext)","35","07 Sep (Mon)","2:00:00 PM","S3 E Math","Applications of Trigonometry","9/7/2026","02:00PM - 04:00PM","Open - Running","[S3 E Math] Tampines | 07 Sep (Mon) | 02:00PM - 04:00PM"
"Sec SepCC<>S1 2026<>Sec - LS Science<>Beckham<>Thursday<>Tampines<>TP-6 (ext)<>25<>10 Sep<>1:00 pm<>","Sec SepCC","S1 2026","Sec - LS Science","Beckham","Thursday","Tampines","TP-6 (ext)","25","10 Sep (Thu)","1:00:00 PM","S1 Science","Atoms & Molecules","9/10/2026","01:00PM - 03:00PM","Open - Running","[S1 Science] Tampines | 10 Sep (Thu) | 01:00PM - 03:00PM"
"Sec SepCC<>S3 2026<><><>Saturday<>Tampines<>TP-7 (main)<>10<>5 Sep<>2:00 pm<>","","","","","","","","","","","","","","","Closed - Running",""
"Sec SepCC<>S3 2026<>SS - C Hist<>Evan<>Monday<>Bishan<>BS-1<>24<>7 Sep<>1:00 pm<>","Sec SepCC","S3 2026","SS - C Hist","Evan","Monday","Bishan","BS-1","24","07 Sep (Mon)","1:00:00 PM","S3 Combined History","Outbreak of WW2 SBQ & SEQ","9/7/2026","01:00PM - 03:00PM","Open - Running","[S3 Combined History] Bishan | 07 Sep (Mon) | 01:00PM - 03:00PM"
"Sec SepCC<>S3 2026<>Sec - P Chem<>Jia Yi<>Tuesday<>Bishan<>BS-1<>24<>8 Sep<>10:00 am<>","Sec SepCC","S3 2026","Sec - P Chem","Jia Yi","Tuesday","Bishan","BS-1","24","08 Sep (Tue)","10:00:00 AM","S3 Pure Chemistry","EOY Revison on Chemical Bonding and Structures, Acids and Bases, Mole Calculation","9/8/2026","10:00AM - 12:00PM","Open - Running","[S3 Pure Chemistry] Bishan | 08 Sep (Tue) | 10:00AM - 12:00PM"
"Sec SepCC<>S1 2026<>Sec - LS Math<>Jessie<>Friday<>Bishan<>BS-1<>24<>11 Sep<>3:00 pm<>","Sec SepCC","S1 2026","Sec - LS Math","Jessie","Friday","Bishan","BS-1","24","11 Sep (Fri)","3:00:00 PM","S1 Math","Angles, Triangles & Polygons, Perimeter and Area of Planar Figures","9/11/2026","03:00PM - 05:00PM","Open - Running","[S1 Math] Bishan | 11 Sep (Fri) | 03:00PM - 05:00PM"
"Sec SepCC<>S3 2026<>Sec - AM<>Jessie<>Monday<>Bishan<>BS-2<>29<>7 Sep<>3:00 pm<>","Sec SepCC","S3 2026","Sec - AM","Jessie","Monday","Bishan","BS-2","29","07 Sep (Mon)","3:00:00 PM","S3 A Math","Trigonometry","9/7/2026","03:00PM - 05:00PM","Open - Running","[S3 A Math] Bishan | 07 Sep (Mon) | 03:00PM - 05:00PM"
"Sec SepCC<>S3 2026<>Sec - AM<>Jessie<>Thursday<>Bishan<>BS-2<>29<>10 Sep<>3:00 pm<>","Sec SepCC","S3 2026","Sec - AM","Jessie","Thursday","Bishan","BS-2","29","10 Sep (Thu)","3:00:00 PM","S3 A Math","Trigonometry","9/10/2026","03:00PM - 05:00PM","Open - Running","[S3 A Math] Bishan | 10 Sep (Thu) | 03:00PM - 05:00PM"
"Sec SepCC<>S3 2026<>Sec - EM<>Jessie<>Monday<>Bishan<>BS-3<>15<>7 Sep<>5:00 pm<>","Sec SepCC","S3 2026","Sec - EM","Jessie","Monday","Bishan","BS-3","15","07 Sep (Mon)","5:00:00 PM","S3 E Math","Applications of Trigonometry","9/7/2026","05:00PM - 07:00PM","Open - Running","[S3 E Math] Bishan | 07 Sep (Mon) | 05:00PM - 07:00PM"
"Sec SepCC<>S3 2026<>Sec - IP Chem<>Crystal<>Thursday<>Bishan<>BS-3<>15<>10 Sep<>1:00 pm<>","Sec SepCC","S3 2026","Sec - IP Chem","Crystal","Thursday","Bishan","BS-3","15","10 Sep (Thu)","1:00:00 PM","S3 IP Chemistry","","9/10/2026","01:00PM - 03:00PM","Open - Running","[S3 IP Chemistry] Bishan | 10 Sep (Thu) | 01:00PM - 03:00PM"
"Sec SepCC<>S3 2026<>Sec - P Chem<>Jia Yi<>Friday<>Bishan<>BS-3<>15<>11 Sep<>10:00 am<>","Sec SepCC","S3 2026","Sec - P Chem","Jia Yi","Friday","Bishan","BS-3","15","11 Sep (Fri)","10:00:00 AM","S3 Pure Chemistry","EOY Revison on Chemical Bonding and Structures, Acids and Bases, Mole Calculation","9/11/2026","10:00AM - 12:00PM","Open - Running","[S3 Pure Chemistry] Bishan | 11 Sep (Fri) | 10:00AM - 12:00PM"
"Sec SepCC<>S3 2026<>Sec - P Phy<>Jael<>Tuesday<>Bishan<>BS-4<>15<>8 Sep<>1:00 pm<>","Sec SepCC","S3 2026","Sec - P Phy","Jael","Tuesday","Bishan","BS-4","15","08 Sep (Tue)","1:00:00 PM","S3 Pure Physics","EOY Revision on Dynamics, Light, Thermal Properties of Matter","9/8/2026","01:00PM - 03:00PM","Open - Running","[S3 Pure Physics] Bishan | 08 Sep (Tue) | 01:00PM - 03:00PM"
"Sec SepCC<>S3 2026<>Sec - IP Eng<>Antonia<>Friday<>Bishan<>BS-4<>15<>11 Sep<>1:00 pm<>","Sec SepCC","S3 2026","Sec - IP Eng","Antonia","Friday","Bishan","BS-4","15","11 Sep (Fri)","1:00:00 PM","S3 IP English","Expository essay writing","9/11/2026","01:00PM - 03:00PM","Open - Running","[S3 IP English] Bishan | 11 Sep (Fri) | 01:00PM - 03:00PM"
"Sec SepCC<>S4 2026<>Sec - IP Eng<>Antonia<>Friday<>Bishan<>BS-4<>15<>11 Sep<>3:00 pm<>","Sec SepCC","S4 2026","Sec - IP Eng","Antonia","Friday","Bishan","BS-4","15","11 Sep (Fri)","3:00:00 PM","#N/A","","9/11/2026","03:00PM - 05:00PM","Open - Running","#N/A"
"Sec SepCC<>S2 2026<>Sec - LS Math<>Xav<>Saturday<>Bishan<>BS-5<>15<>5 Sep<>9:00 am<>","Sec SepCC","S2 2026","Sec - LS Math","Xav","Saturday","Bishan","BS-5","15","05 Sep (Sat)","9:00:00 AM","S2 Math","Similarity & Congruency, Volume and SA of Pyramids, Cones and Spheres","9/5/2026","09:00AM - 11:00AM","Open - Running","[S2 Math] Bishan | 05 Sep (Sat) | 09:00AM - 11:00AM"
"Sec SepCC<>S3 2026<>Sec - EM<>Xav<>Saturday<>Bishan<>BS-5<>15<>5 Sep<>11:00 am<>","Sec SepCC","S3 2026","Sec - EM","Xav","Saturday","Bishan","BS-5","15","05 Sep (Sat)","11:00:00 AM","S3 E Math","Applications of Trigonometry","9/5/2026","11:15AM - 01:15PM","Open - Running","[S3 E Math] Bishan | 05 Sep (Sat) | 11:15AM - 01:15PM"
"Sec SepCC<>S1 2026<>Sec - LS Math<>Xav<>Saturday<>Bishan<>BS-5<>15<>5 Sep<>4:00 pm<>","Sec SepCC","S1 2026","Sec - LS Math","Xav","Saturday","Bishan","BS-5","15","05 Sep (Sat)","4:00:00 PM","S1 Math","Angles, Triangles & Polygons, Perimeter and Area of Planar Figures","9/5/2026","04:15PM - 06:15PM","Open - Running","[S1 Math] Bishan | 05 Sep (Sat) | 04:15PM - 06:15PM"
"Sec SepCC<>S3 2026<>Sec - Eng<>John<>Tuesday<>Bishan<>BS-5<>15<>8 Sep<>1:00 pm<>","Sec SepCC","S3 2026","Sec - Eng","John","Tuesday","Bishan","BS-5","15","08 Sep (Tue)","1:00:00 PM","S3 English","Summary Writing","9/8/2026","01:00PM - 03:00PM","Open - Running","[S3 English] Bishan | 08 Sep (Tue) | 01:00PM - 03:00PM"
"Sec SepCC<>S3 2026<>Sec - EM<>Jessie<>Thursday<>Bishan<>BS-5<>15<>10 Sep<>1:00 pm<>","Sec SepCC","S3 2026","Sec - EM","Jessie","Thursday","Bishan","BS-5","15","10 Sep (Thu)","1:00:00 PM","S3 E Math","Applications of Trigonometry","9/10/2026","01:00PM - 03:00PM","Open - Running","[S3 E Math] Bishan | 10 Sep (Thu) | 01:00PM - 03:00PM"
"Sec SepCC<>S2 2026<>Sec - Eng<>John<>Friday<>Bishan<>BS-5<>15<>11 Sep<>10:00 am<>","Sec SepCC","S2 2026","Sec - Eng","John","Friday","Bishan","BS-5","15","11 Sep (Fri)","10:00:00 AM","S2 English","Summary Writing","9/11/2026","10:00AM - 12:00PM","Open - Running","[S2 English] Bishan | 11 Sep (Fri) | 10:00AM - 12:00PM"
"Sec SepCC<>S1 2026<>Sec - LS Math<>Jessie<>Tuesday<>Bishan<>BS-6<>18<>8 Sep<>1:00 pm<>","Sec SepCC","S1 2026","Sec - LS Math","Jessie","Tuesday","Bishan","BS-6","18","08 Sep (Tue)","1:00:00 PM","S1 Math","Angles, Triangles & Polygons, Perimeter and Area of Planar Figures","9/8/2026","01:00PM - 03:00PM","Open - Running","[S1 Math] Bishan | 08 Sep (Tue) | 01:00PM - 03:00PM"
"Sec SepCC<>S2 2026<>Sec - LS Math<>Jessie<>Tuesday<>Bishan<>BS-6<>18<>8 Sep<>3:00 pm<>","Sec SepCC","S2 2026","Sec - LS Math","Jessie","Tuesday","Bishan","BS-6","18","08 Sep (Tue)","3:00:00 PM","S2 Math","Similarity & Congruency, Volume and SA of Pyramids, Cones and Spheres","9/8/2026","03:00PM - 05:00PM","Open - Running","[S2 Math] Bishan | 08 Sep (Tue) | 03:00PM - 05:00PM"
"Sec SepCC<>S1 2026<>Sec - Eng<>Jo-Anne<>Wednesday<>Bishan<>BS-6<>18<>9 Sep<>1:00 pm<>","Sec SepCC","S1 2026","Sec - Eng","Jo-Anne","Wednesday","Bishan","BS-6","18","09 Sep (Wed)","1:00:00 PM","S1 English","Summary Writing","9/9/2026","01:00PM - 03:00PM","Open - Running","[S1 English] Bishan | 09 Sep (Wed) | 01:00PM - 03:00PM"
"Sec SepCC<>S3 2026<>Sec - P Phy<>Jael<>Wednesday<>Bishan<>BS-7<>9<>9 Sep<>1:00 pm<>","Sec SepCC","S3 2026","Sec - P Phy","Jael","Wednesday","Bishan","BS-7","9","09 Sep (Wed)","1:00:00 PM","S3 Pure Physics","EOY Revision on Dynamics, Light, Thermal Properties of Matter","9/9/2026","01:00PM - 03:00PM","Open - Running","[S3 Pure Physics] Bishan | 09 Sep (Wed) | 01:00PM - 03:00PM"
"Sec SepCC<>S3 2026<>Sec - P Phy<>JM<>Thursday<>Bukit Panjang<>BP-1<>24<>10 Sep<>10:00 am<>","Sec SepCC","S3 2026","Sec - P Phy","JM","Thursday","Bukit Panjang","BP-1","24","10 Sep (Thu)","10:00:00 AM","S3 Pure Physics","EOY Revision on Dynamics, Light, Thermal Properties of Matter","9/10/2026","10:00AM - 12:00PM","Open - Running","[S3 Pure Physics] Bukit Panjang | 10 Sep (Thu) | 10:00AM - 12:00PM"
"Sec SepCC<>S3 2026<>Sec - EM<>Xav<>Sunday<>Bukit Panjang<>BP-2<>12<>6 Sep<>11:00 am<>","Sec SepCC","S3 2026","Sec - EM","Xav","Sunday","Bukit Panjang","BP-2","12","06 Sep (Sun)","11:00:00 AM","S3 E Math","Applications of Trigonometry","9/6/2026","11:15AM - 01:15PM","Open - Running","[S3 E Math] Bukit Panjang | 06 Sep (Sun) | 11:15AM - 01:15PM"
"Sec SepCC<>S3 2026<>Sec - AM<>Keith<>Tuesday<>Bukit Panjang<>BP-2<>12<>8 Sep<>3:00 pm<>","Sec SepCC","S3 2026","Sec - AM","Keith","Tuesday","Bukit Panjang","BP-2","12","08 Sep (Tue)","3:00:00 PM","S3 A Math","Trigonometry","9/8/2026","03:00PM - 05:00PM","Open - Running","[S3 A Math] Bukit Panjang | 08 Sep (Tue) | 03:00PM - 05:00PM"
"Sec SepCC<>S3 2026<>Sec - P Phy<>Marcus<>Thursday<>Bukit Panjang<>BP-2<>12<>10 Sep<>1:00 pm<>","Sec SepCC","S3 2026","Sec - P Phy","Marcus","Thursday","Bukit Panjang","BP-2","12","10 Sep (Thu)","1:00:00 PM","S3 Pure Physics","EOY Revision on Dynamics, Light, Thermal Properties of Matter","9/10/2026","01:00PM - 03:00PM","Open - Running","[S3 Pure Physics] Bukit Panjang | 10 Sep (Thu) | 01:00PM - 03:00PM"
"Sec SepCC<>S2 2026<>Sec - LS Math<>Jacelyn<>Tuesday<>Bukit Panjang<>BP-3<>19<>8 Sep<>1:00 pm<>","Sec SepCC","S2 2026","Sec - LS Math","Jacelyn","Tuesday","Bukit Panjang","BP-3","19","08 Sep (Tue)","1:00:00 PM","S2 Math","Similarity & Congruency, Volume and SA of Pyramids, Cones and Spheres","9/8/2026","01:00PM - 03:00PM","Open - Running","[S2 Math] Bukit Panjang | 08 Sep (Tue) | 01:00PM - 03:00PM"
"Sec SepCC<>S3 2026<>Sec - P Phy<>Marcus<>Monday<>Jurong East<>JE-2<>27<>7 Sep<>1:00 pm<>","Sec SepCC","S3 2026","Sec - P Phy","Marcus","Monday","Jurong East","JE-2","27","07 Sep (Mon)","1:00:00 PM","S3 Pure Physics","EOY Revision on Dynamics, Light, Thermal Properties of Matter","9/7/2026","01:00PM - 03:00PM","Open - Running","[S3 Pure Physics] Jurong East | 07 Sep (Mon) | 01:00PM - 03:00PM"
"Sec SepCC<>S3 2026<>Sec - P Phy<>Marcus<>Monday<>Jurong East<>JE-2<>27<>7 Sep<>7:00 pm<>","Sec SepCC","S3 2026","Sec - P Phy","Marcus","Monday","Jurong East","JE-2","27","07 Sep (Mon)","7:00:00 PM","S3 Pure Physics","EOY Revision on Dynamics, Light, Thermal Properties of Matter","9/7/2026","07:15PM - 09:15PM","Open - Running","[S3 Pure Physics] Jurong East | 07 Sep (Mon) | 07:15PM - 09:15PM"
"Sec SepCC<>S3 2026<>Sec - P Chem<>Joshua Teo<>Thursday<>Jurong East<>JE-5<>16<>10 Sep<>3:00 pm<>","Sec SepCC","S3 2026","Sec - P Chem","Joshua Teo","Thursday","Jurong East","JE-5","16","10 Sep (Thu)","3:00:00 PM","S3 Pure Chemistry","EOY Revison on Chemical Bonding and Structures, Acids and Bases, Mole Calculation","9/10/2026","03:00PM - 05:00PM","Open - Running","[S3 Pure Chemistry] Jurong East | 10 Sep (Thu) | 03:00PM - 05:00PM"
"Sec SepCC<>S3 2026<>Sec - Eng<>Adam<>Wednesday<>Kovan<>KO-3<>23<>9 Sep<>10:00 am<>","Sec SepCC","S3 2026","Sec - Eng","Adam","Wednesday","Kovan","KO-3","23","09 Sep (Wed)","10:00:00 AM","S3 English","Summary Writing","9/9/2026","10:00AM - 12:00PM","Open - Running","[S3 English] Kovan | 09 Sep (Wed) | 10:00AM - 12:00PM"
"Sec SepCC<>S2 2026<>Sec - Eng<>Adam<>Wednesday<>Kovan<>KO-3<>23<>9 Sep<>1:00 pm<>","Sec SepCC","S2 2026","Sec - Eng","Adam","Wednesday","Kovan","KO-3","23","09 Sep (Wed)","1:00:00 PM","S2 English","Summary Writing","9/9/2026","01:00PM - 03:00PM","Open - Running","[S2 English] Kovan | 09 Sep (Wed) | 01:00PM - 03:00PM"
"Sec SepCC<>S1 2026<>Sec - Eng<>Adam<>Tuesday<>Kovan<>KO-4<>24<>8 Sep<>1:00 pm<>","Sec SepCC","S1 2026","Sec - Eng","Adam","Tuesday","Kovan","KO-4","24","08 Sep (Tue)","1:00:00 PM","S1 English","Summary Writing","9/8/2026","01:00PM - 03:00PM","Open - Running","[S1 English] Kovan | 08 Sep (Tue) | 01:00PM - 03:00PM"
"Sec SepCC<>S2 2026<>Sec - Eng<>Adam<>Thursday<>Kovan<>KO-4<>24<>10 Sep<>10:00 am<>","Sec SepCC","S2 2026","Sec - Eng","Adam","Thursday","Kovan","KO-4","24","10 Sep (Thu)","10:00:00 AM","S2 English","Summary Writing","9/10/2026","10:00AM - 12:00PM","Open - Running","[S2 English] Kovan | 10 Sep (Thu) | 10:00AM - 12:00PM"
"Sec SepCC<>S3 2026<>Sec - IP Phy<>Siew Woo<>Tuesday<>King Albert Park<>KAP-2<>15<>8 Sep<>10:00 am<>","Sec SepCC","S3 2026","Sec - IP Phy","Siew Woo","Tuesday","King Albert Park","KAP-2","15","08 Sep (Tue)","10:00:00 AM","S3 IP Physics","EOY Revision on Dynamics, Light, Thermal Properties of Matter","9/8/2026","10:00AM - 12:00PM","Open - Running","[S3 IP Physics] King Albert Park | 08 Sep (Tue) | 10:00AM - 12:00PM"
"Sec SepCC<>S3 2026<>SS - C Hist<>Evan<>Thursday<>Serangoon<>BHC-1<>41<>10 Sep<>1:00 pm<>","Sec SepCC","S3 2026","SS - C Hist","Evan","Thursday","Serangoon","BHC-1","41","10 Sep (Thu)","1:00:00 PM","S3 Combined History","Outbreak of WW2 SBQ & SEQ","9/10/2026","01:00PM - 03:00PM","Open - Running","[S3 Combined History] Serangoon | 10 Sep (Thu) | 01:00PM - 03:00PM"
"Sec SepCC<>S3 2026<>Sec - SS<>Lynn Seah<>Saturday<>Serangoon<>BHC-2<>23<>5 Sep<>11:00 am<>","Sec SepCC","S3 2026","Sec - SS","Lynn Seah","Saturday","Serangoon","BHC-2","23","05 Sep (Sat)","11:00:00 AM","S3 Social Studies","Living in a Diverse Society SBQ / SRQ 6","9/5/2026","11:15AM - 01:15PM","Open - Running","[S3 Social Studies] Serangoon | 05 Sep (Sat) | 11:15AM - 01:15PM"
"Sec SepCC<>S2 2026<>Sec - LS Math<>Andrik<>Monday<>Serangoon<>BHC-2<>23<>7 Sep<>10:00 am<>","Sec SepCC","S2 2026","Sec - LS Math","Andrik","Monday","Serangoon","BHC-2","23","07 Sep (Mon)","10:00:00 AM","S2 Math","Similarity & Congruency, Volume and SA of Pyramids, Cones and Spheres","9/7/2026","10:00AM - 12:00PM","Open - Running","[S2 Math] Serangoon | 07 Sep (Mon) | 10:00AM - 12:00PM"
"Sec SepCC<>S3 2026<>Sec - AM<>Andrik<>Monday<>Serangoon<>BHC-2<>23<>7 Sep<>1:00 pm<>","Sec SepCC","S3 2026","Sec - AM","Andrik","Monday","Serangoon","BHC-2","23","07 Sep (Mon)","1:00:00 PM","S3 A Math","Trigonometry","9/7/2026","01:00PM - 03:00PM","Open - Running","[S3 A Math] Serangoon | 07 Sep (Mon) | 01:00PM - 03:00PM"
"Sec SepCC<>S3 2026<>Sec - P Chem<>Daryl<>Thursday<>Serangoon<>BHC-2<>23<>10 Sep<>1:00 pm<>","Sec SepCC","S3 2026","Sec - P Chem","Daryl","Thursday","Serangoon","BHC-2","23","10 Sep (Thu)","1:00:00 PM","S3 Pure Chemistry","EOY Revison on Chemical Bonding and Structures, Acids and Bases, Mole Calculation","9/10/2026","01:00PM - 03:00PM","Open - Running","[S3 Pure Chemistry] Serangoon | 10 Sep (Thu) | 01:00PM - 03:00PM"
"Sec SepCC<>S3 2026<>Sec - SS<>Lynn Seah<>Saturday<>Serangoon<>BHC-2<>23<>12 Sep<>11:00 am<>","Sec SepCC","S3 2026","Sec - SS","Lynn Seah","Saturday","Serangoon","BHC-2","23","12 Sep (Sat)","11:00:00 AM","S3 Social Studies","Living in a Diverse Society SBQ / SRQ 6","9/12/2026","11:15AM - 01:15PM","Open - Running","[S3 Social Studies] Serangoon | 12 Sep (Sat) | 11:15AM - 01:15PM"
"Sec SepCC<>S3 2026<>Sec - EM<>Gwen<>Tuesday<>Serangoon<>BHC-3<>18<>8 Sep<>11:00 am<>","Sec SepCC","S3 2026","Sec - EM","Gwen","Tuesday","Serangoon","BHC-3","18","08 Sep (Tue)","11:00:00 AM","S3 E Math","Applications of Trigonometry","9/8/2026","11:15AM - 01:15PM","Open - Running","[S3 E Math] Serangoon | 08 Sep (Tue) | 11:15AM - 01:15PM"
"Sec SepCC<>S2 2026<>Sec - LS Math<>Gwen<>Tuesday<>Serangoon<>BHC-3<>18<>8 Sep<>2:00 pm<>","Sec SepCC","S2 2026","Sec - LS Math","Gwen","Tuesday","Serangoon","BHC-3","18","08 Sep (Tue)","2:00:00 PM","S2 Math","Similarity & Congruency, Volume and SA of Pyramids, Cones and Spheres","9/8/2026","02:00PM - 04:00PM","Open - Running","[S2 Math] Serangoon | 08 Sep (Tue) | 02:00PM - 04:00PM"
"Sec SepCC<>S3 2026<>Sec - AM<>Gwen<>Wednesday<>Serangoon<>BHC-3<>18<>9 Sep<>11:00 am<>","Sec SepCC","S3 2026","Sec - AM","Gwen","Wednesday","Serangoon","BHC-3","18","09 Sep (Wed)","11:00:00 AM","S3 A Math","Trigonometry","9/9/2026","11:15AM - 01:15PM","Open - Running","[S3 A Math] Serangoon | 09 Sep (Wed) | 11:15AM - 01:15PM"
"Sec SepCC<>S1 2026<>Sec - LS Math<>Gwen<>Wednesday<>Serangoon<>BHC-3<>18<>9 Sep<>2:00 pm<>","Sec SepCC","S1 2026","Sec - LS Math","Gwen","Wednesday","Serangoon","BHC-3","18","09 Sep (Wed)","2:00:00 PM","S1 Math","Angles, Triangles & Polygons, Perimeter and Area of Planar Figures","9/9/2026","02:00PM - 04:00PM","Open - Running","[S1 Math] Serangoon | 09 Sep (Wed) | 02:00PM - 04:00PM"
"Sec SepCC<>S3 2026<>Sec - AM<>Gwen<>Thursday<>Serangoon<>BHC-3<>18<>10 Sep<>11:00 am<>","Sec SepCC","S3 2026","Sec - AM","Gwen","Thursday","Serangoon","BHC-3","18","10 Sep (Thu)","11:00:00 AM","S3 A Math","Trigonometry","9/10/2026","11:15AM - 01:15PM","Open - Running","[S3 A Math] Serangoon | 10 Sep (Thu) | 11:15AM - 01:15PM"
"Sec SepCC<>S2 2026<>Sec - LS Math<>Gwen<>Thursday<>Serangoon<>BHC-3<>18<>10 Sep<>2:00 pm<>","Sec SepCC","S2 2026","Sec - LS Math","Gwen","Thursday","Serangoon","BHC-3","18","10 Sep (Thu)","2:00:00 PM","S2 Math","Similarity & Congruency, Volume and SA of Pyramids, Cones and Spheres","9/10/2026","02:00PM - 04:00PM","Open - Running","[S2 Math] Serangoon | 10 Sep (Thu) | 02:00PM - 04:00PM"
"Sec SepCC<>S1 2026<>Sec - LS Math<>Gwen<>Friday<>Serangoon<>BHC-3<>18<>11 Sep<>11:00 am<>","Sec SepCC","S1 2026","Sec - LS Math","Gwen","Friday","Serangoon","BHC-3","18","11 Sep (Fri)","11:00:00 AM","S1 Math","Angles, Triangles & Polygons, Perimeter and Area of Planar Figures","9/11/2026","11:15AM - 01:15PM","Open - Running","[S1 Math] Serangoon | 11 Sep (Fri) | 11:15AM - 01:15PM"
"Sec SepCC<>S3 2026<>Sec - C Phy<>Jerlyn<>Tuesday<>Jurong Point<>JP-1<>32<>8 Sep<>5:00 pm<>","Sec SepCC","S3 2026","Sec - C Phy","Jerlyn","Tuesday","Jurong Point","JP-1","32","08 Sep (Tue)","5:00:00 PM","S3 Combined Physics","EOY Revision on Dynamics, Light, Thermal Properties of Matter","9/8/2026","05:00PM - 07:00PM","Open - Running","[S3 Combined Physics] Jurong Point | 08 Sep (Tue) | 05:00PM - 07:00PM"
"Sec SepCC<>S3 2026<>Sec - P Phy<>Jerlyn<>Tuesday<>Jurong Point<>JP-1<>32<>8 Sep<>7:00 pm<>","Sec SepCC","S3 2026","Sec - P Phy","Jerlyn","Tuesday","Jurong Point","JP-1","32","08 Sep (Tue)","7:00:00 PM","S3 Pure Physics","EOY Revision on Dynamics, Light, Thermal Properties of Matter","9/8/2026","07:15PM - 09:15PM","Open - Running","[S3 Pure Physics] Jurong Point | 08 Sep (Tue) | 07:15PM - 09:15PM"
"Sec SepCC<>S3 2026<>Sec - P Phy<>JM<>Monday<>Jurong Point<>JP-2<>32<>7 Sep<>1:00 pm<>","Sec SepCC","S3 2026","Sec - P Phy","JM","Monday","Jurong Point","JP-2","32","07 Sep (Mon)","1:00:00 PM","S3 Pure Physics","EOY Revision on Dynamics, Light, Thermal Properties of Matter","9/7/2026","01:00PM - 03:00PM","Open - Running","[S3 Pure Physics] Jurong Point | 07 Sep (Mon) | 01:00PM - 03:00PM"
"Sec SepCC<>S2 2026<>Sec - LS Math<>Phebe<>Sunday<>Jurong Point<>JP-3<>16<>6 Sep<>9:00 am<>","Sec SepCC","S2 2026","Sec - LS Math","Phebe","Sunday","Jurong Point","JP-3","16","06 Sep (Sun)","9:00:00 AM","S2 Math","Similarity & Congruency, Volume and SA of Pyramids, Cones and Spheres","9/6/2026","09:00AM - 11:00AM","Open - Running","[S2 Math] Jurong Point | 06 Sep (Sun) | 09:00AM - 11:00AM"
"Sec SepCC<>S1 2026<>Sec - LS Math<>Phebe<>Sunday<>Jurong Point<>JP-3<>16<>6 Sep<>11:00 am<>","Sec SepCC","S1 2026","Sec - LS Math","Phebe","Sunday","Jurong Point","JP-3","16","06 Sep (Sun)","11:00:00 AM","S1 Math","Angles, Triangles & Polygons, Perimeter and Area of Planar Figures","9/6/2026","11:15AM - 01:15PM","Open - Running","[S1 Math] Jurong Point | 06 Sep (Sun) | 11:15AM - 01:15PM"
"Sec SepCC<>S3 2026<>Sec - AM<>Phebe<>Sunday<>Jurong Point<>JP-3<>16<>6 Sep<>2:00 pm<>","Sec SepCC","S3 2026","Sec - AM","Phebe","Sunday","Jurong Point","JP-3","16","06 Sep (Sun)","2:00:00 PM","S3 A Math","Trigonometry","9/6/2026","02:00PM - 04:00PM","Open - Running","[S3 A Math] Jurong Point | 06 Sep (Sun) | 02:00PM - 04:00PM"
"Sec SepCC<>S3 2026<>Sec - EM<>Xav<>Monday<>Jurong Point<>JP-3<>16<>7 Sep<>5:00 pm<>","Sec SepCC","S3 2026","Sec - EM","Xav","Monday","Jurong Point","JP-3","16","07 Sep (Mon)","5:00:00 PM","S3 E Math","Applications of Trigonometry","9/7/2026","05:00PM - 07:00PM","Open - Running","[S3 E Math] Jurong Point | 07 Sep (Mon) | 05:00PM - 07:00PM"
"Sec SepCC<>S3 2026<>Sec - AM<>Xav<>Monday<>Jurong Point<>JP-3<>16<>7 Sep<>7:00 pm<>","Sec SepCC","S3 2026","Sec - AM","Xav","Monday","Jurong Point","JP-3","16","07 Sep (Mon)","7:00:00 PM","S3 A Math","Trigonometry","9/7/2026","07:15PM - 09:15PM","Open - Running","[S3 A Math] Jurong Point | 07 Sep (Mon) | 07:15PM - 09:15PM"
"Sec SepCC<>S3 2026<>Sec - EM<>Xav<>Tuesday<>Jurong Point<>JP-3<>16<>8 Sep<>5:00 pm<>","Sec SepCC","S3 2026","Sec - EM","Xav","Tuesday","Jurong Point","JP-3","16","08 Sep (Tue)","5:00:00 PM","S3 E Math","Applications of Trigonometry","9/8/2026","05:00PM - 07:00PM","Open - Running","[S3 E Math] Jurong Point | 08 Sep (Tue) | 05:00PM - 07:00PM"
"Sec SepCC<>S3 2026<>Sec - AM<>Xav<>Tuesday<>Jurong Point<>JP-3<>16<>8 Sep<>7:00 pm<>","Sec SepCC","S3 2026","Sec - AM","Xav","Tuesday","Jurong Point","JP-3","16","08 Sep (Tue)","7:00:00 PM","S3 A Math","Trigonometry","9/8/2026","07:15PM - 09:15PM","Open - Running","[S3 A Math] Jurong Point | 08 Sep (Tue) | 07:15PM - 09:15PM"
"Sec SepCC<>S3 2026<>Sec - EM<>Phebe<>Wednesday<>Jurong Point<>JP-3<>16<>9 Sep<>5:00 pm<>","Sec SepCC","S3 2026","Sec - EM","Phebe","Wednesday","Jurong Point","JP-3","16","09 Sep (Wed)","5:00:00 PM","S3 E Math","Applications of Trigonometry","9/9/2026","05:00PM - 07:00PM","Open - Running","[S3 E Math] Jurong Point | 09 Sep (Wed) | 05:00PM - 07:00PM"
"Sec SepCC<>S3 2026<>Sec - AM<>Phebe<>Wednesday<>Jurong Point<>JP-3<>16<>9 Sep<>7:00 pm<>","Sec SepCC","S3 2026","Sec - AM","Phebe","Wednesday","Jurong Point","JP-3","16","09 Sep (Wed)","7:00:00 PM","S3 A Math","Trigonometry","9/9/2026","07:15PM - 09:15PM","Open - Running","[S3 A Math] Jurong Point | 09 Sep (Wed) | 07:15PM - 09:15PM"
"Sec SepCC<>S1 2026<>Sec - LS Math<>Phebe<>Friday<>Jurong Point<>JP-3<>16<>11 Sep<>5:00 pm<>","Sec SepCC","S1 2026","Sec - LS Math","Phebe","Friday","Jurong Point","JP-3","16","11 Sep (Fri)","5:00:00 PM","S1 Math","Angles, Triangles & Polygons, Perimeter and Area of Planar Figures","9/11/2026","05:00PM - 07:00PM","Open - Running","[S1 Math] Jurong Point | 11 Sep (Fri) | 05:00PM - 07:00PM"
"Sec SepCC<>S2 2026<>Sec - LS Math<>Phebe<>Friday<>Jurong Point<>JP-3<>16<>11 Sep<>7:00 pm<>","Sec SepCC","S2 2026","Sec - LS Math","Phebe","Friday","Jurong Point","JP-3","16","11 Sep (Fri)","7:00:00 PM","S2 Math","Similarity & Congruency, Volume and SA of Pyramids, Cones and Spheres","9/11/2026","07:15PM - 09:15PM","Open - Running","[S2 Math] Jurong Point | 11 Sep (Fri) | 07:15PM - 09:15PM"
"Sec SepCC<>S3 2026<>Sec - C Phy<>JM<>Sunday<>Jurong Point<>JP-4<>23<>6 Sep<>11:00 am<>","Sec SepCC","S3 2026","Sec - C Phy","JM","Sunday","Jurong Point","JP-4","23","06 Sep (Sun)","11:00:00 AM","S3 Combined Physics","EOY Revision on Dynamics, Light, Thermal Properties of Matter","9/6/2026","11:15AM - 01:15PM","Open - Running","[S3 Combined Physics] Jurong Point | 06 Sep (Sun) | 11:15AM - 01:15PM"
"Sec SepCC<>S3 2026<>Sec - P Phy<>JM<>Sunday<>Jurong Point<>JP-4<>23<>6 Sep<>2:00 pm<>","Sec SepCC","S3 2026","Sec - P Phy","JM","Sunday","Jurong Point","JP-4","23","06 Sep (Sun)","2:00:00 PM","S3 Pure Physics","EOY Revision on Dynamics, Light, Thermal Properties of Matter","9/6/2026","02:00PM - 04:00PM","Open - Running","[S3 Pure Physics] Jurong Point | 06 Sep (Sun) | 02:00PM - 04:00PM"
"Sec SepCC<>S1 2026<>Sec - LS Math<>Phebe<>Monday<>Jurong Point<>JP-4<>23<>7 Sep<>5:00 pm<>","Sec SepCC","S1 2026","Sec - LS Math","Phebe","Monday","Jurong Point","JP-4","23","07 Sep (Mon)","5:00:00 PM","S1 Math","Angles, Triangles & Polygons, Perimeter and Area of Planar Figures","9/7/2026","05:00PM - 07:00PM","Open - Running","[S1 Math] Jurong Point | 07 Sep (Mon) | 05:00PM - 07:00PM"
"Sec SepCC<>S3 2026<>Sec - IP Math<>Bryant<>Wednesday<>Jurong Point<>JP-4<>23<>9 Sep<>7:00 pm<>","Sec SepCC","S3 2026","Sec - IP Math","Bryant","Wednesday","Jurong Point","JP-4","23","09 Sep (Wed)","7:00:00 PM","S3 IP Math","Trigo identites and equation","9/9/2026","07:15PM - 09:15PM","Open - Running","[S3 IP Math] Jurong Point | 09 Sep (Wed) | 07:15PM - 09:15PM"
"Sec SepCC<>S3 2026<>Sec - EM<>Phebe<>Thursday<>Jurong Point<>JP-4<>23<>10 Sep<>3:00 pm<>","Sec SepCC","S3 2026","Sec - EM","Phebe","Thursday","Jurong Point","JP-4","23","10 Sep (Thu)","3:00:00 PM","S3 E Math","Applications of Trigonometry","9/10/2026","03:00PM - 05:00PM","Open - Running","[S3 E Math] Jurong Point | 10 Sep (Thu) | 03:00PM - 05:00PM"
"Sec SepCC<>S3 2026<>Sec - AM<>Phebe<>Thursday<>Jurong Point<>JP-4<>23<>10 Sep<>5:00 pm<>","Sec SepCC","S3 2026","Sec - AM","Phebe","Thursday","Jurong Point","JP-4","23","10 Sep (Thu)","5:00:00 PM","S3 A Math","Trigonometry","9/10/2026","05:00PM - 07:00PM","Open - Running","[S3 A Math] Jurong Point | 10 Sep (Thu) | 05:00PM - 07:00PM"
"Sec SepCC<>S3 2026<>Sec - EM<>Xav<>Friday<>Jurong Point<>JP-4<>23<>11 Sep<>5:00 pm<>","Sec SepCC","S3 2026","Sec - EM","Xav","Friday","Jurong Point","JP-4","23","11 Sep (Fri)","5:00:00 PM","S3 E Math","Applications of Trigonometry","9/11/2026","05:00PM - 07:00PM","Open - Running","[S3 E Math] Jurong Point | 11 Sep (Fri) | 05:00PM - 07:00PM"
"Sec SepCC<>S3 2026<>Sec - AM<>Xav<>Friday<>Jurong Point<>JP-4<>23<>11 Sep<>7:00 pm<>","Sec SepCC","S3 2026","Sec - AM","Xav","Friday","Jurong Point","JP-4","23","11 Sep (Fri)","7:00:00 PM","S3 A Math","Trigonometry","9/11/2026","07:15PM - 09:15PM","Open - Running","[S3 A Math] Jurong Point | 11 Sep (Fri) | 07:15PM - 09:15PM"
"Sec SepCC<>S3 2026<>SS - P Hist<>Evan<>Tuesday<>Potong Pasir<>PP-7<>16<>8 Sep<>1:00 pm<>","Sec SepCC","S3 2026","SS - P Hist","Evan","Tuesday","Potong Pasir","PP-7","16","08 Sep (Tue)","1:00:00 PM","S3 Pure History","Outbreak of WW2 SBQ & SEQ","9/8/2026","01:00PM - 03:00PM","Open - Running","[S3 Pure History] Potong Pasir | 08 Sep (Tue) | 01:00PM - 03:00PM"
"Sec SepCC<>S3 2026<>SS - P Hist<>Evan<>Wednesday<>Potong Pasir<>PP-7<>16<>9 Sep<>1:00 pm<>","Sec SepCC","S3 2026","SS - P Hist","Evan","Wednesday","Potong Pasir","PP-7","16","09 Sep (Wed)","1:00:00 PM","S3 Pure History","Outbreak of WW2 SBQ & SEQ","9/9/2026","01:00PM - 03:00PM","Open - Running","[S3 Pure History] Potong Pasir | 09 Sep (Wed) | 01:00PM - 03:00PM"
"Sec SepCC<>S3 2026<>SS - P Hist<>Evan<>Friday<>Tampines<>TP-2 (main)<>22<>11 Sep<>1:00 pm<>","Sec SepCC","S3 2026","SS - P Hist","Evan","Friday","Tampines","TP-2 (main)","22","11 Sep (Fri)","1:00:00 PM","S3 Pure History","Outbreak of WW2 SBQ & SEQ","9/11/2026","01:00PM - 03:00PM","Open - Running","[S3 Pure History] Tampines | 11 Sep (Fri) | 01:00PM - 03:00PM"
"Sec SepCC<>S3 2026<>SS - P Hist<>Evan<>Monday<>Bishan<>BS-1<>24<>7 Sep<>1:00 pm<>","Sec SepCC","S3 2026","SS - P Hist","Evan","Monday","Bishan","BS-1","24","07 Sep (Mon)","1:00:00 PM","S3 Pure History","Outbreak of WW2 SBQ & SEQ","9/7/2026","01:00PM - 03:00PM","Open - Running","[S3 Pure History] Bishan | 07 Sep (Mon) | 01:00PM - 03:00PM"
"Sec SepCC<>S3 2026<>SS - P Hist<>Evan<>Thursday<>Serangoon<>BHC-1<>41<>10 Sep<>1:00 pm<>","Sec SepCC","S3 2026","SS - P Hist","Evan","Thursday","Serangoon","BHC-1","41","10 Sep (Thu)","1:00:00 PM","S3 Pure History","Outbreak of WW2 SBQ & SEQ","9/10/2026","01:00PM - 03:00PM","Open - Running","[S3 Pure History] Serangoon | 10 Sep (Thu) | 01:00PM - 03:00PM"
"Sec SepCC<>S3 2026<>Sec - C Bio<>Natasha<>Tuesday<>Paya Lebar<>KINEX-1<>24<>8 Sep<>10:00 am<>","Sec SepCC","S3 2026","Sec - C Bio","Natasha","Tuesday","Paya Lebar","KINEX-1","24","08 Sep (Tue)","10:00:00 AM","S3 Combined Biology","Transport in humans","9/8/2026","10:00AM - 12:00PM","Open - Running","[S3 Combined Biology] Paya Lebar | 08 Sep (Tue) | 10:00AM - 12:00PM"
