Scheduling code,Purpose,Subject,Level,Topic,Tutor,Centre,Classeroom,Capacity,Date (text),Start Time,Date,Timeslot (+2hr),Video Guides,Address,Subject1,Subject2,Subject(Display),Level1,CC Type,Form Question,ConfirmationMsg Template,Form Entry,,,Duplicate class,Remarks,No. Regular S,No. Signups,,Total Signups,No. Confirmed,Total Signups | Confirmed | Capacity,Confirmed Capacity%,Actual Confirmed,Attendance,Conversion,Form Controls,Form Option to Display
Sep CC - Sec<>Sec - Eng<>S1<>Personal Recount<>Matthew<>Marine Parade<>MP-5 (Pri)<>9<>06 Sep (Sat)<>11:15:00AM,Sep CC - Sec,Sec - Eng,S1,Personal Recount,Matthew,Marine Parade,MP-5 (Pri),9,06 Sep (Sat),11:15:00 AM,9/6/2025,11:15AM - 01:15PM,https://bit.ly/3B0iImz,80 Marine Parade Road #07-02 (Parkway Parade) S449269,LSEng,SEng,English,S1,Hybrid,S1 English,S1 English - Marine Parade - 06 Sep (Sat) 11:15AM,[S1 English] Marine Parade | 06 Sep (Sat) | 11:15AM - 01:15PM,,,0,,,0,,0,0,0 | 0 | 9,0.00%,0,0,,Default,[S1 English] Marine Parade | 06 Sep (Sat) | 11:15AM - 01:15PM
Sep CC - Sec<>Sec - Eng<>S1<>Personal Recount<>Matthew<>Marine Parade<>MP-4 (Pri)<>12<>09 Sep (Tue)<>7:15:00PM,Sep CC - Sec,Sec - Eng,S1,Personal Recount,Matthew,Marine Parade,MP-4 (Pri),12,09 Sep (Tue),7:15:00 PM,9/9/2025,07:15PM - 09:15PM,https://bit.ly/3B0iImz,80 Marine Parade Road #07-02 (Parkway Parade) S449269,LSEng,SEng,English,S1,Hybrid,S1 English,S1 English - Marine Parade - 09 Sep (Tue) 7:15PM,[S1 English] Marine Parade | 09 Sep (Tue) | 07:15PM - 09:15PM,,,0,,,0,,0,0,0 | 0 | 12,0.00%,0,0,,Default,[S1 English] Marine Parade | 09 Sep (Tue) | 07:15PM - 09:15PM
Sep CC - Sec<>Sec - Eng<>S1<>Personal Recount<>Matthew<>Marine Parade<>MP-5 (Pri)<>9<>12 Sep (Fri)<>3:00:00PM,Sep CC - Sec,Sec - Eng,S1,Personal Recount,Matthew,Marine Parade,MP-5 (Pri),9,12 Sep (Fri),3:00:00 PM,9/12/2025,03:00PM - 05:00PM,https://bit.ly/3B0iImz,80 Marine Parade Road #07-02 (Parkway Parade) S449269,LSEng,SEng,English,S1,Hybrid,S1 English,S1 English - Marine Parade - 12 Sep (Fri) 3:00PM,[S1 English] Marine Parade | 12 Sep (Fri) | 03:00PM - 05:00PM,,,0,,,0,,0,0,0 | 0 | 9,0.00%,0,0,,Default,[S1 English] Marine Parade | 12 Sep (Fri) | 03:00PM - 05:00PM
Sep CC - Sec<>Sec - Eng<>S1<>Personal Recount<>Matthew<>Marine Parade<>MP-5 (Pri)<>9<>13 Sep (Sat)<>11:15:00AM,Sep CC - Sec,Sec - Eng,S1,Personal Recount,Matthew,Marine Parade,MP-5 (Pri),9,13 Sep (Sat),11:15:00 AM,9/13/2025,11:15AM - 01:15PM,https://bit.ly/3B0iImz,80 Marine Parade Road #07-02 (Parkway Parade) S449269,LSEng,SEng,English,S1,Hybrid,S1 English,S1 English - Marine Parade - 13 Sep (Sat) 11:15AM,[S1 English] Marine Parade | 13 Sep (Sat) | 11:15AM - 01:15PM,,,0,,,0,,0,0,0 | 0 | 9,0.00%,0,0,,Default,[S1 English] Marine Parade | 13 Sep (Sat) | 11:15AM - 01:15PM
Sep CC - Sec<>Sec - Eng<>S1<>Personal Recount<>Natalie<>Potong Pasir<>PP-5<>12<>08 Sep (Mon)<>5:00 pm,Sep CC - Sec,Sec - Eng,S1,Personal Recount,Natalie,Potong Pasir,PP-5,12,08 Sep (Mon),5:00:00 PM,9/8/2025,05:00PM - 07:00PM,bit.ly/zenithPP,25 Tai Thong Crescent (Beside 7-11) S347856,LSEng,SEng,English,S1,Hybrid,S1 English,S1 English - Potong Pasir - 08 Sep (Mon) 5:00PM,[S1 English] Potong Pasir | 08 Sep (Mon) | 05:00PM - 07:00PM,,,0,,,0,,0,0,0 | 0 | 12,0.00%,0,0,,Default,[S1 English] Potong Pasir | 08 Sep (Mon) | 05:00PM - 07:00PM
Sep CC - Sec<>Sec - Eng<>S1<>Personal Recount<>Natalie<>Tampines<>TP-7 (main)<>10<>06 Sep (Sat)<>9:00 am,Sep CC - Sec,Sec - Eng,S1,Personal Recount,Natalie,Tampines,TP-7 (main),10,06 Sep (Sat),9:00:00 AM,9/6/2025,09:00AM - 11:00AM,bit.ly/zenithTP,1 Tampines Central #08-10 (CPF Building) SS529508,LSEng,SEng,English,S1,Hybrid,S1 English,S1 English - Tampines - 06 Sep (Sat) 9:00AM,[S1 English] Tampines | 06 Sep (Sat) | 09:00AM - 11:00AM,,,0,,,0,,0,0,0 | 0 | 10,0.00%,0,0,,Default,[S1 English] Tampines | 06 Sep (Sat) | 09:00AM - 11:00AM
"Sep CC - Sec<>Sec - LS Math<>S1<>Angles, Triangles and Polygons + Percentage + Algebraic Expressions and Formulae<>Ivy<>Bishan<>BS-3 (Pri)<>15<>11 Sep (Thu)<>10:00 am",Sep CC - Sec,Sec - LS Math,S1,"Angles, Triangles and Polygons + Percentage + Algebraic Expressions and Formulae",Ivy,Bishan,BS-3 (Pri),15,11 Sep (Thu),10:00:00 AM,9/11/2025,10:00AM - 12:00PM,bit.ly/zenithBISHAN,51 Bishan Street 13 #03-01 (Bishan CC) S579799,LSMath,SMath,Math,S1,CC,S1 Math,S1 Math - Bishan - 11 Sep (Thu) 10:00AM,[S1 Math] Bishan | 11 Sep (Thu) | 10:00AM - 12:00PM,,,0,,,0,,0,0,0 | 0 | 15,0.00%,0,0,,Default,[S1 Math] Bishan | 11 Sep (Thu) | 10:00AM - 12:00PM
"Sep CC - Sec<>Sec - LS Math<>S1<>Angles, Triangles and Polygons + Percentage + Algebraic Expressions and Formulae<>Ivy<>Bishan<>BS-1 (Pri)<>11<>12 Sep (Fri)<>1:00 pm",Sep CC - Sec,Sec - LS Math,S1,"Angles, Triangles and Polygons + Percentage + Algebraic Expressions and Formulae",Ivy,Bishan,BS-1 (Pri),11,12 Sep (Fri),1:00:00 PM,9/12/2025,01:00PM - 03:00PM,bit.ly/zenithBISHAN,51 Bishan Street 13 #03-01 (Bishan CC) S579799,LSMath,SMath,Math,S1,CC,S1 Math,S1 Math - Bishan - 12 Sep (Fri) 1:00PM,[S1 Math] Bishan | 12 Sep (Fri) | 01:00PM - 03:00PM,,,0,,,0,,0,0,0 | 0 | 11,0.00%,0,0,,Default,[S1 Math] Bishan | 12 Sep (Fri) | 01:00PM - 03:00PM
"Sep CC - Sec<>Sec - LS Math<>S1<>Angles, Triangles and Polygons + Percentage + Algebraic Expressions and Formulae<>Jacelyn<>Bukit Panjang<>BP-2 (JC/SS)<>12<>09 Sep (Tue)<>1:00 pm",Sep CC - Sec,Sec - LS Math,S1,"Angles, Triangles and Polygons + Percentage + Algebraic Expressions and Formulae",Jacelyn,Bukit Panjang,BP-2 (JC/SS),12,09 Sep (Tue),1:00:00 PM,9/9/2025,01:00PM - 03:00PM,bit.ly/zenithBP,1 Woodlands Road #01-10 (Junction10) S677899,LSMath,SMath,Math,S1,CC,S1 Math,S1 Math - Bukit Panjang - 09 Sep (Tue) 1:00PM,[S1 Math] Bukit Panjang | 09 Sep (Tue) | 01:00PM - 03:00PM,,,0,,,0,,0,0,0 | 0 | 12,0.00%,0,0,,Default,[S1 Math] Bukit Panjang | 09 Sep (Tue) | 01:00PM - 03:00PM
"Sep CC - Sec<>Sec - LS Math<>S1<>Angles, Triangles and Polygons + Percentage + Algebraic Expressions and Formulae<>Jacelyn<>Buona Vista<>BV-6 (L2)<>15<>08 Sep (Mon)<>10:00 am",Sep CC - Sec,Sec - LS Math,S1,"Angles, Triangles and Polygons + Percentage + Algebraic Expressions and Formulae",Jacelyn,Buona Vista,BV-6 (L2),15,08 Sep (Mon),10:00:00 AM,9/8/2025,10:00AM - 12:00PM,bit.ly/zenithBV,35 Rochester Dr #02-23 (Rochester Mall) S138639,LSMath,SMath,Math,S1,CC,S1 Math,S1 Math - Buona Vista - 08 Sep (Mon) 10:00AM,[S1 Math] Buona Vista | 08 Sep (Mon) | 10:00AM - 12:00PM,,,0,,,0,,0,0,0 | 0 | 15,0.00%,0,0,,Default,[S1 Math] Buona Vista | 08 Sep (Mon) | 10:00AM - 12:00PM
"Sep CC - Sec<>Sec - LS Math<>S1<>Angles, Triangles and Polygons + Percentage + Algebraic Expressions and Formulae<>Jacelyn<>Buona Vista<>BV-2 (L3)<>22<>10 Sep (Wed)<>10:00 am",Sep CC - Sec,Sec - LS Math,S1,"Angles, Triangles and Polygons + Percentage + Algebraic Expressions and Formulae",Jacelyn,Buona Vista,BV-2 (L3),22,10 Sep (Wed),10:00:00 AM,9/10/2025,10:00AM - 12:00PM,bit.ly/zenithBV,35 Rochester Dr #02-23 (Rochester Mall) S138639,LSMath,SMath,Math,S1,CC,S1 Math,S1 Math - Buona Vista - 10 Sep (Wed) 10:00AM,[S1 Math] Buona Vista | 10 Sep (Wed) | 10:00AM - 12:00PM,,,0,,,0,,0,0,0 | 0 | 22,0.00%,0,0,,Default,[S1 Math] Buona Vista | 10 Sep (Wed) | 10:00AM - 12:00PM
"Sep CC - Sec<>Sec - LS Math<>S1<>Angles, Triangles and Polygons + Percentage + Algebraic Expressions and Formulae<>Jacelyn<>Jurong East<>JE-1<>30<>11 Sep (Thu)<>10:00 am",Sep CC - Sec,Sec - LS Math,S1,"Angles, Triangles and Polygons + Percentage + Algebraic Expressions and Formulae",Jacelyn,Jurong East,JE-1,30,11 Sep (Thu),10:00:00 AM,9/11/2025,10:00AM - 12:00PM,https://tinyurl.com/4cnf5kwu,21 Jurong Gateway Rd #02-01 (CPF Jurong Building) S608546,LSMath,SMath,Math,S1,CC,S1 Math,S1 Math - Jurong East - 11 Sep (Thu) 10:00AM,[S1 Math] Jurong East | 11 Sep (Thu) | 10:00AM - 12:00PM,,,0,,,0,,0,0,0 | 0 | 30,0.00%,0,0,,Default,[S1 Math] Jurong East | 11 Sep (Thu) | 10:00AM - 12:00PM
"Sep CC - Sec<>Sec - LS Math<>S1<>Angles, Triangles and Polygons + Percentage + Algebraic Expressions and Formulae<>William Ho<>Kovan<>KO-1<>29<>06 Sep (Sat)<>10:00 am",Sep CC - Sec,Sec - LS Math,S1,"Angles, Triangles and Polygons + Percentage + Algebraic Expressions and Formulae",William Ho,Kovan,KO-1,29,06 Sep (Sat),10:00:00 AM,9/6/2025,10:00AM - 12:00PM,,988 Upper Serangoon Rd #01-16 (Stars of Kovan) S534733,LSMath,SMath,Math,S1,CC,S1 Math,S1 Math - Kovan - 06 Sep (Sat) 10:00AM,[S1 Math] Kovan | 06 Sep (Sat) | 10:00AM - 12:00PM,,,0,,,0,,0,0,0 | 0 | 29,0.00%,0,0,,Default,[S1 Math] Kovan | 06 Sep (Sat) | 10:00AM - 12:00PM
"Sep CC - Sec<>Sec - LS Math<>S1<>Angles, Triangles and Polygons + Percentage + Algebraic Expressions and Formulae<>Ivy<>Potong Pasir<>PP-5<>12<>08 Sep (Mon)<>1:00 pm",Sep CC - Sec,Sec - LS Math,S1,"Angles, Triangles and Polygons + Percentage + Algebraic Expressions and Formulae",Ivy,Potong Pasir,PP-5,12,08 Sep (Mon),1:00:00 PM,9/8/2025,01:00PM - 03:00PM,bit.ly/zenithPP,25 Tai Thong Crescent (Beside 7-11) S347856,LSMath,SMath,Math,S1,CC,S1 Math,S1 Math - Potong Pasir - 08 Sep (Mon) 1:00PM,[S1 Math] Potong Pasir | 08 Sep (Mon) | 01:00PM - 03:00PM,,,0,,,0,,0,0,0 | 0 | 12,0.00%,0,0,,Default,[S1 Math] Potong Pasir | 08 Sep (Mon) | 01:00PM - 03:00PM
"Sep CC - Sec<>Sec - LS Math<>S1<>Angles, Triangles and Polygons + Percentage + Algebraic Expressions and Formulae<>Chen Fang<>Potong Pasir<>PP-1 (L1)<>18<>09 Sep (Tue)<>1:00 pm",Sep CC - Sec,Sec - LS Math,S1,"Angles, Triangles and Polygons + Percentage + Algebraic Expressions and Formulae",Chen Fang,Potong Pasir,PP-1 (L1),18,09 Sep (Tue),1:00:00 PM,9/9/2025,01:00PM - 03:00PM,bit.ly/zenithPP,25 Tai Thong Crescent (Beside 7-11) S347856,LSMath,SMath,Math,S1,CC,S1 Math,S1 Math - Potong Pasir - 09 Sep (Tue) 1:00PM,[S1 Math] Potong Pasir | 09 Sep (Tue) | 01:00PM - 03:00PM,,,0,,,0,,0,0,0 | 0 | 18,0.00%,0,0,,Default,[S1 Math] Potong Pasir | 09 Sep (Tue) | 01:00PM - 03:00PM
"Sep CC - Sec<>Sec - LS Math<>S1<>Angles, Triangles and Polygons + Percentage + Algebraic Expressions and Formulae<>Ivy<>Potong Pasir<>PP-5<>12<>10 Sep (Wed)<>10:00 am",Sep CC - Sec,Sec - LS Math,S1,"Angles, Triangles and Polygons + Percentage + Algebraic Expressions and Formulae",Ivy,Potong Pasir,PP-5,12,10 Sep (Wed),10:00:00 AM,9/10/2025,10:00AM - 12:00PM,bit.ly/zenithPP,25 Tai Thong Crescent (Beside 7-11) S347856,LSMath,SMath,Math,S1,CC,S1 Math,S1 Math - Potong Pasir - 10 Sep (Wed) 10:00AM,[S1 Math] Potong Pasir | 10 Sep (Wed) | 10:00AM - 12:00PM,,,0,,,0,,0,0,0 | 0 | 12,0.00%,0,0,,Default,[S1 Math] Potong Pasir | 10 Sep (Wed) | 10:00AM - 12:00PM
"Sep CC - Sec<>Sec - LS Science<>S1<>Angles, Triangles and Polygons + Percentage + Algebraic Expressions and Formulae<>William Ho<>Kovan<>KO-1<>29<>06 Sep (Sat)<>11:00 am",Sep CC - Sec,Sec - LS Science,S1,"Angles, Triangles and Polygons + Percentage + Algebraic Expressions and Formulae",William Ho,Kovan,KO-1,29,06 Sep (Sat),11:00:00 AM,9/6/2025,11:00AM - 01:00PM,,988 Upper Serangoon Rd #01-16 (Stars of Kovan) S534733,LSScience,LSScience,Science,S1,CC,S1 Science,S1 Science - Kovan - 06 Sep (Sat) 11:00AM,[S1 Science] Kovan | 06 Sep (Sat) | 11:00AM - 01:00PM,,,0,,,0,,0,0,0 | 0 | 29,0.00%,0,0,,Default,[S1 Science] Kovan | 06 Sep (Sat) | 11:00AM - 01:00PM
Sep CC - Sec<>Sec (IP) - Eng<>S1<>Summary Writing <>John<>Bishan<>BS-2 (Pri)<>15<>09 Sep (Tue)<>10:00 am,Sep CC - Sec,Sec (IP) - Eng,S1,Summary Writing ,John,Bishan,BS-2 (Pri),15,09 Sep (Tue),10:00:00 AM,9/9/2025,10:00AM - 12:00PM,bit.ly/zenithBISHAN,51 Bishan Street 13 #03-01 (Bishan CC) S579799,LSEng(IP),SEng,IP English,S1,CC,S1 English (IP),S1 IP English - Bishan - 09 Sep (Tue) 10:00AM,[S1 IP English] Bishan | 09 Sep (Tue) | 10:00AM - 12:00PM,,,0,,,0,,0,0,0 | 0 | 15,0.00%,0,0,,Default,[S1 IP English] Bishan | 09 Sep (Tue) | 10:00AM - 12:00PM
Sep CC - Sec<>Sec (IP) - Eng<>S1<>Summary Writing <>Antonia<>Tan Kah Kee<>TKK-1<>14<>14 Sep (Sun)<>2:00 pm,Sep CC - Sec,Sec (IP) - Eng,S1,Summary Writing ,Antonia,Tan Kah Kee,TKK-1,14,14 Sep (Sun),2:00:00 PM,9/14/2025,02:00PM - 04:00PM,bit.ly/TKK607,607 Bukit Timah Road #02-01 S269708,LSEng(IP),SEng,IP English,S1,Hybrid,S1 English (IP),S1 IP English - Tan Kah Kee - 14 Sep (Sun) 2:00PM,[S1 IP English] Tan Kah Kee | 14 Sep (Sun) | 02:00PM - 04:00PM,,,0,,,0,,0,0,0 | 0 | 14,0.00%,0,0,,Default,[S1 IP English] Tan Kah Kee | 14 Sep (Sun) | 02:00PM - 04:00PM
Sep CC - Sec<>Sec (IP) - Math<>S1<>Linear graphs<>Cameron<>Tan Kah Kee<>CORO-3<>15<>09 Sep (Tue)<>10:00 am,Sep CC - Sec,Sec (IP) - Math,S1,Linear graphs,Cameron,Tan Kah Kee,CORO-3,15,09 Sep (Tue),10:00:00 AM,9/9/2025,10:00AM - 12:00PM,bit.ly/zenithCORO,"587 Bukit Timah Rd, #01-05 Coronation Plaza (Beside KFC) S269707",LSMath(IP),SMath,IP Math,S1,CC,S1 Math (IP),S1 IP Math - Tan Kah Kee - 09 Sep (Tue) 10:00AM,[S1 IP Math] Tan Kah Kee | 09 Sep (Tue) | 10:00AM - 12:00PM,,,0,,,0,,0,0,0 | 0 | 15,0.00%,0,0,,Default,[S1 IP Math] Tan Kah Kee | 09 Sep (Tue) | 10:00AM - 12:00PM
Sep CC - Sec<>Sec - Eng<>S2<>Discursive Essay<>John<>Bishan<>BS-2 (Pri)<>15<>09 Sep (Tue)<>1:00 pm,Sep CC - Sec,Sec - Eng,S2,Discursive Essay,John,Bishan,BS-2 (Pri),15,09 Sep (Tue),1:00:00 PM,9/9/2025,01:00PM - 03:00PM,bit.ly/zenithBISHAN,51 Bishan Street 13 #03-01 (Bishan CC) S579799,LSEng,SEng,English,S2,CC,S2 English,S2 English - Bishan - 09 Sep (Tue) 1:00PM,[S2 English] Bishan | 09 Sep (Tue) | 01:00PM - 03:00PM,,,0,,,0,,0,0,0 | 0 | 15,0.00%,0,0,,Default,[S2 English] Bishan | 09 Sep (Tue) | 01:00PM - 03:00PM
Sep CC - Sec<>Sec - Eng<>S2<>Discursive Essay<>Matthew<>Marine Parade<>MP-5 (Pri)<>9<>06 Sep (Sat)<>2:00:00PM,Sep CC - Sec,Sec - Eng,S2,Discursive Essay,Matthew,Marine Parade,MP-5 (Pri),9,06 Sep (Sat),2:00:00 PM,9/6/2025,02:00PM - 04:00PM,https://bit.ly/3B0iImz,80 Marine Parade Road #07-02 (Parkway Parade) S449269,LSEng,SEng,English,S2,Hybrid,S2 English,S2 English - Marine Parade - 06 Sep (Sat) 2:00PM,[S2 English] Marine Parade | 06 Sep (Sat) | 02:00PM - 04:00PM,,,0,,,0,,0,0,0 | 0 | 9,0.00%,0,0,,Default,[S2 English] Marine Parade | 06 Sep (Sat) | 02:00PM - 04:00PM
Sep CC - Sec<>Sec - Eng<>S2<>Discursive Essay<>Matthew<>Marine Parade<>MP-1 (Pri)<>12<>07 Sep (Sun)<>2:00:00PM,Sep CC - Sec,Sec - Eng,S2,Discursive Essay,Matthew,Marine Parade,MP-1 (Pri),12,07 Sep (Sun),2:00:00 PM,9/7/2025,02:00PM - 04:00PM,https://bit.ly/3B0iImz,80 Marine Parade Road #07-02 (Parkway Parade) S449269,LSEng,SEng,English,S2,Hybrid,S2 English,S2 English - Marine Parade - 07 Sep (Sun) 2:00PM,[S2 English] Marine Parade | 07 Sep (Sun) | 02:00PM - 04:00PM,,,0,,,0,,0,0,0 | 0 | 12,0.00%,0,0,,Default,[S2 English] Marine Parade | 07 Sep (Sun) | 02:00PM - 04:00PM
Sep CC - Sec<>Sec - Eng<>S2<>Discursive Essay<>Matthew<>Marine Parade<>MP-5 (Pri)<>9<>11 Sep (Thu)<>5:00:00PM,Sep CC - Sec,Sec - Eng,S2,Discursive Essay,Matthew,Marine Parade,MP-5 (Pri),9,11 Sep (Thu),5:00:00 PM,9/11/2025,05:00PM - 07:00PM,https://bit.ly/3B0iImz,80 Marine Parade Road #07-02 (Parkway Parade) S449269,LSEng,SEng,English,S2,Hybrid,S2 English,S2 English - Marine Parade - 11 Sep (Thu) 5:00PM,[S2 English] Marine Parade | 11 Sep (Thu) | 05:00PM - 07:00PM,,,0,,,0,,0,0,0 | 0 | 9,0.00%,0,0,,Default,[S2 English] Marine Parade | 11 Sep (Thu) | 05:00PM - 07:00PM
Sep CC - Sec<>Sec - Eng<>S2<>Discursive Essay<>Matthew<>Marine Parade<>MP-5 (Pri)<>9<>12 Sep (Fri)<>7:15:00PM,Sep CC - Sec,Sec - Eng,S2,Discursive Essay,Matthew,Marine Parade,MP-5 (Pri),9,12 Sep (Fri),7:15:00 PM,9/12/2025,07:15PM - 09:15PM,https://bit.ly/3B0iImz,80 Marine Parade Road #07-02 (Parkway Parade) S449269,LSEng,SEng,English,S2,Hybrid,S2 English,S2 English - Marine Parade - 12 Sep (Fri) 7:15PM,[S2 English] Marine Parade | 12 Sep (Fri) | 07:15PM - 09:15PM,,,0,,,0,,0,0,0 | 0 | 9,0.00%,0,0,,Default,[S2 English] Marine Parade | 12 Sep (Fri) | 07:15PM - 09:15PM
Sep CC - Sec<>Sec - Eng<>S2<>Discursive Essay<>Matthew<>Marine Parade<>MP-5 (Pri)<>9<>13 Sep (Sat)<>2:00:00PM,Sep CC - Sec,Sec - Eng,S2,Discursive Essay,Matthew,Marine Parade,MP-5 (Pri),9,13 Sep (Sat),2:00:00 PM,9/13/2025,02:00PM - 04:00PM,https://bit.ly/3B0iImz,80 Marine Parade Road #07-02 (Parkway Parade) S449269,LSEng,SEng,English,S2,Hybrid,S2 English,S2 English - Marine Parade - 13 Sep (Sat) 2:00PM,[S2 English] Marine Parade | 13 Sep (Sat) | 02:00PM - 04:00PM,,,0,,,0,,0,0,0 | 0 | 9,0.00%,0,0,,Default,[S2 English] Marine Parade | 13 Sep (Sat) | 02:00PM - 04:00PM
Sep CC - Sec<>Sec - Eng<>S2<>Discursive Essay<>Matthew<>Marine Parade<>MP-1 (Pri)<>12<>14 Sep (Sun)<>2:00:00PM,Sep CC - Sec,Sec - Eng,S2,Discursive Essay,Matthew,Marine Parade,MP-1 (Pri),12,14 Sep (Sun),2:00:00 PM,9/14/2025,02:00PM - 04:00PM,https://bit.ly/3B0iImz,80 Marine Parade Road #07-02 (Parkway Parade) S449269,LSEng,SEng,English,S2,Hybrid,S2 English,S2 English - Marine Parade - 14 Sep (Sun) 2:00PM,[S2 English] Marine Parade | 14 Sep (Sun) | 02:00PM - 04:00PM,,,0,,,0,,0,0,0 | 0 | 12,0.00%,0,0,,Default,[S2 English] Marine Parade | 14 Sep (Sun) | 02:00PM - 04:00PM
Sep CC - Sec<>Sec - Eng<>S2<>Discursive Essay<>Natalie<>Potong Pasir<>PP-7<>16<>07 Sep (Sun)<>9:00 am,Sep CC - Sec,Sec - Eng,S2,Discursive Essay,Natalie,Potong Pasir,PP-7,16,07 Sep (Sun),9:00:00 AM,9/7/2025,09:00AM - 11:00AM,bit.ly/zenithPP,25 Tai Thong Crescent (Beside 7-11) S347856,LSEng,SEng,English,S2,CC,S2 English,S2 English - Potong Pasir - 07 Sep (Sun) 9:00AM,[S2 English] Potong Pasir | 07 Sep (Sun) | 09:00AM - 11:00AM,,,0,,,0,,0,0,0 | 0 | 16,0.00%,0,0,,Default,[S2 English] Potong Pasir | 07 Sep (Sun) | 09:00AM - 11:00AM
Sep CC - Sec<>Sec - Eng<>S2<>Discursive Essay<>Natalie<>Potong Pasir<>PP-6<>12<>08 Sep (Mon)<>1:00 pm,Sep CC - Sec,Sec - Eng,S2,Discursive Essay,Natalie,Potong Pasir,PP-6,12,08 Sep (Mon),1:00:00 PM,9/8/2025,01:00PM - 03:00PM,bit.ly/zenithPP,25 Tai Thong Crescent (Beside 7-11) S347856,LSEng,SEng,English,S2,CC,S2 English,S2 English - Potong Pasir - 08 Sep (Mon) 1:00PM,[S2 English] Potong Pasir | 08 Sep (Mon) | 01:00PM - 03:00PM,,,0,,,0,,0,0,0 | 0 | 12,0.00%,0,0,,Default,[S2 English] Potong Pasir | 08 Sep (Mon) | 01:00PM - 03:00PM
Sep CC - Sec<>Sec - Eng<>S2<>Discursive Essay<>Natalie<>Tampines<>TP-2 (main)<>22<>12 Sep (Fri)<>10:00 am,Sep CC - Sec,Sec - Eng,S2,Discursive Essay,Natalie,Tampines,TP-2 (main),22,12 Sep (Fri),10:00:00 AM,9/12/2025,10:00AM - 12:00PM,bit.ly/zenithTP,1 Tampines Central #08-10 (CPF Building) SS529508,LSEng,SEng,English,S2,CC,S2 English,S2 English - Tampines - 12 Sep (Fri) 10:00AM,[S2 English] Tampines | 12 Sep (Fri) | 10:00AM - 12:00PM,,,0,,,0,,0,0,0 | 0 | 22,0.00%,0,0,,Default,[S2 English] Tampines | 12 Sep (Fri) | 10:00AM - 12:00PM
"Sep CC - Sec<>Sec - LS Math<>S2<>Congruence and Similarity, Pythagoras Theorem and Trigonometry, Mensuration<>Ivy<>Bishan<>BS-3 (Pri)<>15<>11 Sep (Thu)<>1:00 pm",Sep CC - Sec,Sec - LS Math,S2,"Congruence and Similarity, Pythagoras Theorem and Trigonometry, Mensuration",Ivy,Bishan,BS-3 (Pri),15,11 Sep (Thu),1:00:00 PM,9/11/2025,01:00PM - 03:00PM,bit.ly/zenithBISHAN,51 Bishan Street 13 #03-01 (Bishan CC) S579799,LSMath,SMath,Math,S2,CC,S2 Math,S2 Math - Bishan - 11 Sep (Thu) 1:00PM,[S2 Math] Bishan | 11 Sep (Thu) | 01:00PM - 03:00PM,,,0,,,0,,0,0,0 | 0 | 15,0.00%,0,0,,Default,[S2 Math] Bishan | 11 Sep (Thu) | 01:00PM - 03:00PM
"Sep CC - Sec<>Sec - LS Math<>S2<>Congruence and Similarity, Pythagoras Theorem and Trigonometry, Mensuration<>Ivy<>Bishan<>BS-1 (Pri)<>11<>12 Sep (Fri)<>10:00 am",Sep CC - Sec,Sec - LS Math,S2,"Congruence and Similarity, Pythagoras Theorem and Trigonometry, Mensuration",Ivy,Bishan,BS-1 (Pri),11,12 Sep (Fri),10:00:00 AM,9/12/2025,10:00AM - 12:00PM,bit.ly/zenithBISHAN,51 Bishan Street 13 #03-01 (Bishan CC) S579799,LSMath,SMath,Math,S2,CC,S2 Math,S2 Math - Bishan - 12 Sep (Fri) 10:00AM,[S2 Math] Bishan | 12 Sep (Fri) | 10:00AM - 12:00PM,,,0,,,0,,0,0,0 | 0 | 11,0.00%,0,0,,Default,[S2 Math] Bishan | 12 Sep (Fri) | 10:00AM - 12:00PM
"Sep CC - Sec<>Sec - LS Math<>S2<>Congruence and Similarity, Pythagoras Theorem and Trigonometry, Mensuration<>Jacelyn<>Buona Vista<>BV-6 (L2)<>15<>08 Sep (Mon)<>1:00 pm",Sep CC - Sec,Sec - LS Math,S2,"Congruence and Similarity, Pythagoras Theorem and Trigonometry, Mensuration",Jacelyn,Buona Vista,BV-6 (L2),15,08 Sep (Mon),1:00:00 PM,9/8/2025,01:00PM - 03:00PM,bit.ly/zenithBV,35 Rochester Dr #02-23 (Rochester Mall) S138639,LSMath,SMath,Math,S2,CC,S2 Math,S2 Math - Buona Vista - 08 Sep (Mon) 1:00PM,[S2 Math] Buona Vista | 08 Sep (Mon) | 01:00PM - 03:00PM,,,0,,,0,,0,0,0 | 0 | 15,0.00%,0,0,,Default,[S2 Math] Buona Vista | 08 Sep (Mon) | 01:00PM - 03:00PM
"Sep CC - Sec<>Sec - LS Math<>S2<>Congruence and Similarity, Pythagoras Theorem and Trigonometry, Mensuration<>Jacelyn<>Buona Vista<>BV-2 (L3)<>22<>10 Sep (Wed)<>1:00 pm",Sep CC - Sec,Sec - LS Math,S2,"Congruence and Similarity, Pythagoras Theorem and Trigonometry, Mensuration",Jacelyn,Buona Vista,BV-2 (L3),22,10 Sep (Wed),1:00:00 PM,9/10/2025,01:00PM - 03:00PM,bit.ly/zenithBV,35 Rochester Dr #02-23 (Rochester Mall) S138639,LSMath,SMath,Math,S2,CC,S2 Math,S2 Math - Buona Vista - 10 Sep (Wed) 1:00PM,[S2 Math] Buona Vista | 10 Sep (Wed) | 01:00PM - 03:00PM,,,0,,,0,,0,0,0 | 0 | 22,0.00%,0,0,,Default,[S2 Math] Buona Vista | 10 Sep (Wed) | 01:00PM - 03:00PM
"Sep CC - Sec<>Sec - LS Math<>S2<>Congruence and Similarity, Pythagoras Theorem and Trigonometry, Mensuration<>Jacelyn<>Jurong East<>JE-1<>30<>11 Sep (Thu)<>1:00 pm",Sep CC - Sec,Sec - LS Math,S2,"Congruence and Similarity, Pythagoras Theorem and Trigonometry, Mensuration",Jacelyn,Jurong East,JE-1,30,11 Sep (Thu),1:00:00 PM,9/11/2025,01:00PM - 03:00PM,https://tinyurl.com/4cnf5kwu,21 Jurong Gateway Rd #02-01 (CPF Jurong Building) S608546,LSMath,SMath,Math,S2,CC,S2 Math,S2 Math - Jurong East - 11 Sep (Thu) 1:00PM,[S2 Math] Jurong East | 11 Sep (Thu) | 01:00PM - 03:00PM,,,0,,,0,,0,0,0 | 0 | 30,0.00%,0,0,,Default,[S2 Math] Jurong East | 11 Sep (Thu) | 01:00PM - 03:00PM
"Sep CC - Sec<>Sec - LS Math<>S2<>Congruence and Similarity, Pythagoras Theorem and Trigonometry, Mensuration<>William Ho<>Kovan<>KO-1<>29<>07 Sep (Sun)<>10:00 am",Sep CC - Sec,Sec - LS Math,S2,"Congruence and Similarity, Pythagoras Theorem and Trigonometry, Mensuration",William Ho,Kovan,KO-1,29,07 Sep (Sun),10:00:00 AM,9/7/2025,10:00AM - 12:00PM,,988 Upper Serangoon Rd #01-16 (Stars of Kovan) S534733,LSMath,SMath,Math,S2,CC,S2 Math,S2 Math - Kovan - 07 Sep (Sun) 10:00AM,[S2 Math] Kovan | 07 Sep (Sun) | 10:00AM - 12:00PM,,,0,,,0,,0,0,0 | 0 | 29,0.00%,0,0,,Default,[S2 Math] Kovan | 07 Sep (Sun) | 10:00AM - 12:00PM
"Sep CC - Sec<>Sec - LS Math<>S2<>Congruence and Similarity, Pythagoras Theorem and Trigonometry, Mensuration<>William Ho<>Kovan<>KO-1<>29<>08 Sep (Mon)<>10:00 am",Sep CC - Sec,Sec - LS Math,S2,"Congruence and Similarity, Pythagoras Theorem and Trigonometry, Mensuration",William Ho,Kovan,KO-1,29,08 Sep (Mon),10:00:00 AM,9/8/2025,10:00AM - 12:00PM,,988 Upper Serangoon Rd #01-16 (Stars of Kovan) S534733,LSMath,SMath,Math,S2,CC,S2 Math,S2 Math - Kovan - 08 Sep (Mon) 10:00AM,[S2 Math] Kovan | 08 Sep (Mon) | 10:00AM - 12:00PM,,,0,,,0,,0,0,0 | 0 | 29,0.00%,0,0,,Default,[S2 Math] Kovan | 08 Sep (Mon) | 10:00AM - 12:00PM
"Sep CC - Sec<>Sec - LS Math<>S2<>Congruence and Similarity, Pythagoras Theorem and Trigonometry, Mensuration<>William Ho<>Kovan<>KO-1<>29<>13 Sep (Sat)<>10:00 am",Sep CC - Sec,Sec - LS Math,S2,"Congruence and Similarity, Pythagoras Theorem and Trigonometry, Mensuration",William Ho,Kovan,KO-1,29,13 Sep (Sat),10:00:00 AM,9/13/2025,10:00AM - 12:00PM,,988 Upper Serangoon Rd #01-16 (Stars of Kovan) S534733,LSMath,SMath,Math,S2,CC,S2 Math,S2 Math - Kovan - 13 Sep (Sat) 10:00AM,[S2 Math] Kovan | 13 Sep (Sat) | 10:00AM - 12:00PM,,,0,,,0,,0,0,0 | 0 | 29,0.00%,0,0,,Default,[S2 Math] Kovan | 13 Sep (Sat) | 10:00AM - 12:00PM
"Sep CC - Sec<>Sec - LS Math<>S2<>Congruence and Similarity, Pythagoras Theorem and Trigonometry, Mensuration<>Ivy<>Potong Pasir<>PP-5<>12<>08 Sep (Mon)<>10:00 am",Sep CC - Sec,Sec - LS Math,S2,"Congruence and Similarity, Pythagoras Theorem and Trigonometry, Mensuration",Ivy,Potong Pasir,PP-5,12,08 Sep (Mon),10:00:00 AM,9/8/2025,10:00AM - 12:00PM,bit.ly/zenithPP,25 Tai Thong Crescent (Beside 7-11) S347856,LSMath,SMath,Math,S2,CC,S2 Math,S2 Math - Potong Pasir - 08 Sep (Mon) 10:00AM,[S2 Math] Potong Pasir | 08 Sep (Mon) | 10:00AM - 12:00PM,,,0,,,0,,0,0,0 | 0 | 12,0.00%,0,0,,Default,[S2 Math] Potong Pasir | 08 Sep (Mon) | 10:00AM - 12:00PM
"Sep CC - Sec<>Sec - LS Math<>S2<>Congruence and Similarity, Pythagoras Theorem and Trigonometry, Mensuration<>Chen Fang<>Potong Pasir<>PP-3 (L2)<>14<>08 Sep (Mon)<>1:00 pm",Sep CC - Sec,Sec - LS Math,S2,"Congruence and Similarity, Pythagoras Theorem and Trigonometry, Mensuration",Chen Fang,Potong Pasir,PP-3 (L2),14,08 Sep (Mon),1:00:00 PM,9/8/2025,01:00PM - 03:00PM,bit.ly/zenithPP,25 Tai Thong Crescent (Beside 7-11) S347856,LSMath,SMath,Math,S2,CC,S2 Math,S2 Math - Potong Pasir - 08 Sep (Mon) 1:00PM,[S2 Math] Potong Pasir | 08 Sep (Mon) | 01:00PM - 03:00PM,,,0,,,0,,0,0,0 | 0 | 14,0.00%,0,0,,Default,[S2 Math] Potong Pasir | 08 Sep (Mon) | 01:00PM - 03:00PM
"Sep CC - Sec<>Sec - LS Math<>S2<>Congruence and Similarity, Pythagoras Theorem and Trigonometry, Mensuration<>Ivy<>Potong Pasir<>PP-5<>12<>10 Sep (Wed)<>1:00 pm",Sep CC - Sec,Sec - LS Math,S2,"Congruence and Similarity, Pythagoras Theorem and Trigonometry, Mensuration",Ivy,Potong Pasir,PP-5,12,10 Sep (Wed),1:00:00 PM,9/10/2025,01:00PM - 03:00PM,bit.ly/zenithPP,25 Tai Thong Crescent (Beside 7-11) S347856,LSMath,SMath,Math,S2,CC,S2 Math,S2 Math - Potong Pasir - 10 Sep (Wed) 1:00PM,[S2 Math] Potong Pasir | 10 Sep (Wed) | 01:00PM - 03:00PM,,,0,,,0,,0,0,0 | 0 | 12,0.00%,0,0,,Default,[S2 Math] Potong Pasir | 10 Sep (Wed) | 01:00PM - 03:00PM
Sep CC - Sec<>Sec (IP) - Eng<>S2<>Expository Essay<>Antonia<>Tan Kah Kee<>TKK-1<>14<>11 Sep (Thu)<>1:00 pm,Sep CC - Sec,Sec (IP) - Eng,S2,Expository Essay,Antonia,Tan Kah Kee,TKK-1,14,11 Sep (Thu),1:00:00 PM,9/11/2025,01:00PM - 03:00PM,bit.ly/TKK607,607 Bukit Timah Road #02-01 S269708,LSEng(IP),SEng,IP English,S2,CC,S2 English (IP),S2 IP English - Tan Kah Kee - 11 Sep (Thu) 1:00PM,[S2 IP English] Tan Kah Kee | 11 Sep (Thu) | 01:00PM - 03:00PM,,,0,,,0,,0,0,0 | 0 | 14,0.00%,0,0,,Default,[S2 IP English] Tan Kah Kee | 11 Sep (Thu) | 01:00PM - 03:00PM
Sep CC - Sec<>Sec (IP) - LS Science<>S2<>Digestive System<>Crystal<>Tan Kah Kee<>CORO-2<>15<>08 Sep (Mon)<>10:00 am,Sep CC - Sec,Sec (IP) - LS Science,S2,Digestive System,Crystal,Tan Kah Kee,CORO-2,15,08 Sep (Mon),10:00:00 AM,9/8/2025,10:00AM - 12:00PM,bit.ly/zenithCORO,"587 Bukit Timah Rd, #01-05 Coronation Plaza (Beside KFC) S269707",LSScience(IP),LSScience,IP Science,S2,CC,S2 Science (IP),S2 IP Science - Tan Kah Kee - 08 Sep (Mon) 10:00AM,[S2 IP Science] Tan Kah Kee | 08 Sep (Mon) | 10:00AM - 12:00PM,,,0,,,0,,0,0,0 | 0 | 15,0.00%,0,0,,Default,[S2 IP Science] Tan Kah Kee | 08 Sep (Mon) | 10:00AM - 12:00PM
Sep CC - Sec<>Sec (IP) - Math<>S2<>Congruence & Similarity<>E-Lin<>Tan Kah Kee<>CORO-2<>15<>07 Sep (Sun)<>1:00 pm,Sep CC - Sec,Sec (IP) - Math,S2,Congruence & Similarity,E-Lin,Tan Kah Kee,CORO-2,15,07 Sep (Sun),1:00:00 PM,9/7/2025,01:00PM - 03:00PM,bit.ly/zenithCORO,"587 Bukit Timah Rd, #01-05 Coronation Plaza (Beside KFC) S269707",LSMath(IP),SMath,IP Math,S2,CC,S2 Math (IP),S2 IP Math - Tan Kah Kee - 07 Sep (Sun) 1:00PM,[S2 IP Math] Tan Kah Kee | 07 Sep (Sun) | 01:00PM - 03:00PM,,,0,,,0,,0,0,0 | 0 | 15,0.00%,0,0,,Default,[S2 IP Math] Tan Kah Kee | 07 Sep (Sun) | 01:00PM - 03:00PM
Sep CC - Sec<>Sec (IP) - Math<>S2<>Congruence & Similarity<>Cameron<>Tan Kah Kee<>CORO-3<>15<>09 Sep (Tue)<>1:00 pm,Sep CC - Sec,Sec (IP) - Math,S2,Congruence & Similarity,Cameron,Tan Kah Kee,CORO-3,15,09 Sep (Tue),1:00:00 PM,9/9/2025,01:00PM - 03:00PM,bit.ly/zenithCORO,"587 Bukit Timah Rd, #01-05 Coronation Plaza (Beside KFC) S269707",LSMath(IP),SMath,IP Math,S2,CC,S2 Math (IP),S2 IP Math - Tan Kah Kee - 09 Sep (Tue) 1:00PM,[S2 IP Math] Tan Kah Kee | 09 Sep (Tue) | 01:00PM - 03:00PM,,,0,,,0,,0,0,0 | 0 | 15,0.00%,0,0,,Default,[S2 IP Math] Tan Kah Kee | 09 Sep (Tue) | 01:00PM - 03:00PM
Sep CC - Sec<>Sec - AM<>S3<>Trigonometry<>Chen Fang<>Bishan<>BS-5 (Sec)<>18<>10 Sep (Wed)<>10:00 am,Sep CC - Sec,Sec - AM,S3,Trigonometry,Chen Fang,Bishan,BS-5 (Sec),18,10 Sep (Wed),10:00:00 AM,9/10/2025,10:00AM - 12:00PM,bit.ly/zenithBISHAN,51 Bishan Street 13 #03-01 (Bishan CC) S579799,SMath(AM),SMath,A Math,S3,CC,S3 A Math,S3 A Math - Bishan - 10 Sep (Wed) 10:00AM,[S3 A Math] Bishan | 10 Sep (Wed) | 10:00AM - 12:00PM,,,0,,,0,,0,0,0 | 0 | 18,0.00%,0,0,,Default,[S3 A Math] Bishan | 10 Sep (Wed) | 10:00AM - 12:00PM
Sep CC - Sec<>Sec - AM<>S3<>Trigonometry<>Alicia<>Bishan<>BS-5 (Sec)<>18<>12 Sep (Fri)<>1:00 pm,Sep CC - Sec,Sec - AM,S3,Trigonometry,Alicia,Bishan,BS-5 (Sec),18,12 Sep (Fri),1:00:00 PM,9/12/2025,01:00PM - 03:00PM,bit.ly/zenithBISHAN,51 Bishan Street 13 #03-01 (Bishan CC) S579799,SMath(AM),SMath,A Math,S3,CC,S3 A Math,S3 A Math - Bishan - 12 Sep (Fri) 1:00PM,[S3 A Math] Bishan | 12 Sep (Fri) | 01:00PM - 03:00PM,,,0,,,0,,0,0,0 | 0 | 18,0.00%,0,0,,Default,[S3 A Math] Bishan | 12 Sep (Fri) | 01:00PM - 03:00PM
Sep CC - Sec<>Sec - AM<>S3<>Trigonometry<>Xavier Sim<>Bukit Panjang<>BP-2 (JC/SS)<>12<>06 Sep (Sat)<>11:15:00AM,Sep CC - Sec,Sec - AM,S3,Trigonometry,Xavier Sim,Bukit Panjang,BP-2 (JC/SS),12,06 Sep (Sat),11:15:00 AM,9/6/2025,11:15AM - 01:15PM,bit.ly/zenithBP,1 Woodlands Road #01-10 (Junction10) S677899,SMath(AM),SMath,A Math,S3,Hybrid,S3 A Math,S3 A Math - Bukit Panjang - 06 Sep (Sat) 11:15AM,[S3 A Math] Bukit Panjang | 06 Sep (Sat) | 11:15AM - 01:15PM,,,0,,,0,,0,0,0 | 0 | 12,0.00%,0,0,,Default,[S3 A Math] Bukit Panjang | 06 Sep (Sat) | 11:15AM - 01:15PM
Sep CC - Sec<>Sec - AM<>S3<>Trigonometry<>Xavier Sim<>Bukit Panjang<>BP-2 (JC/SS)<>12<>13 Sep (Sat)<>11:15:00AM,Sep CC - Sec,Sec - AM,S3,Trigonometry,Xavier Sim,Bukit Panjang,BP-2 (JC/SS),12,13 Sep (Sat),11:15:00 AM,9/13/2025,11:15AM - 01:15PM,bit.ly/zenithBP,1 Woodlands Road #01-10 (Junction10) S677899,SMath(AM),SMath,A Math,S3,Hybrid,S3 A Math,S3 A Math - Bukit Panjang - 13 Sep (Sat) 11:15AM,[S3 A Math] Bukit Panjang | 13 Sep (Sat) | 11:15AM - 01:15PM,,,0,,,0,,0,0,0 | 0 | 12,0.00%,0,0,,Default,[S3 A Math] Bukit Panjang | 13 Sep (Sat) | 11:15AM - 01:15PM
Sep CC - Sec<>Sec - AM<>S3<>Trigonometry<>Xavier Sim<>Bukit Panjang<>BP-2 (JC/SS)<>12<>13 Sep (Sat)<>7:00 pm,Sep CC - Sec,Sec - AM,S3,Trigonometry,Xavier Sim,Bukit Panjang,BP-2 (JC/SS),12,13 Sep (Sat),7:00:00 PM,9/13/2025,07:00PM - 09:00PM,bit.ly/zenithBP,1 Woodlands Road #01-10 (Junction10) S677899,SMath(AM),SMath,A Math,S3,CC,S3 A Math,S3 A Math - Bukit Panjang - 13 Sep (Sat) 7:00PM,[S3 A Math] Bukit Panjang | 13 Sep (Sat) | 07:00PM - 09:00PM,,,0,,,0,,0,0,0 | 0 | 12,0.00%,0,0,,Default,[S3 A Math] Bukit Panjang | 13 Sep (Sat) | 07:00PM - 09:00PM
Sep CC - Sec<>Sec - AM<>S3<>Trigonometry<>Vegas Low<>Buona Vista<>BV-3 (L2)<>30<>08 Sep (Mon)<>1:00 pm,Sep CC - Sec,Sec - AM,S3,Trigonometry,Vegas Low,Buona Vista,BV-3 (L2),30,08 Sep (Mon),1:00:00 PM,9/8/2025,01:00PM - 03:00PM,bit.ly/zenithBV,35 Rochester Dr #02-23 (Rochester Mall) S138639,SMath(AM),SMath,A Math,S3,CC,S3 A Math,S3 A Math - Buona Vista - 08 Sep (Mon) 1:00PM,[S3 A Math] Buona Vista | 08 Sep (Mon) | 01:00PM - 03:00PM,,,0,,,0,,0,0,0 | 0 | 30,0.00%,0,0,,Default,[S3 A Math] Buona Vista | 08 Sep (Mon) | 01:00PM - 03:00PM
Sep CC - Sec<>Sec - AM<>S3<>Trigonometry<>Vegas Low<>Buona Vista<>BV-3 (L2)<>30<>10 Sep (Wed)<>1:00 pm,Sep CC - Sec,Sec - AM,S3,Trigonometry,Vegas Low,Buona Vista,BV-3 (L2),30,10 Sep (Wed),1:00:00 PM,9/10/2025,01:00PM - 03:00PM,bit.ly/zenithBV,35 Rochester Dr #02-23 (Rochester Mall) S138639,SMath(AM),SMath,A Math,S3,CC,S3 A Math,S3 A Math - Buona Vista - 10 Sep (Wed) 1:00PM,[S3 A Math] Buona Vista | 10 Sep (Wed) | 01:00PM - 03:00PM,,,0,,,0,,0,0,0 | 0 | 30,0.00%,0,0,,Default,[S3 A Math] Buona Vista | 10 Sep (Wed) | 01:00PM - 03:00PM
Sep CC - Sec<>Sec - AM<>S3<>Trigonometry<>Vegas Low<>Buona Vista<>BV-3 (L2)<>30<>11 Sep (Thu)<>1:00 pm,Sep CC - Sec,Sec - AM,S3,Trigonometry,Vegas Low,Buona Vista,BV-3 (L2),30,11 Sep (Thu),1:00:00 PM,9/11/2025,01:00PM - 03:00PM,bit.ly/zenithBV,35 Rochester Dr #02-23 (Rochester Mall) S138639,SMath(AM),SMath,A Math,S3,CC,S3 A Math,S3 A Math - Buona Vista - 11 Sep (Thu) 1:00PM,[S3 A Math] Buona Vista | 11 Sep (Thu) | 01:00PM - 03:00PM,,,0,,,0,,0,0,0 | 0 | 30,0.00%,0,0,,Default,[S3 A Math] Buona Vista | 11 Sep (Thu) | 01:00PM - 03:00PM
Sep CC - Sec<>Sec - AM<>S3<>Trigonometry<>E-Lin<>Jurong East<>JE-1<>30<>13 Sep (Sat)<>9:00 am,Sep CC - Sec,Sec - AM,S3,Trigonometry,E-Lin,Jurong East,JE-1,30,13 Sep (Sat),9:00:00 AM,9/13/2025,09:00AM - 11:00AM,https://tinyurl.com/4cnf5kwu,21 Jurong Gateway Rd #02-01 (CPF Jurong Building) S608546,SMath(AM),SMath,A Math,S3,Hybrid,S3 A Math,S3 A Math - Jurong East - 13 Sep (Sat) 9:00AM,[S3 A Math] Jurong East | 13 Sep (Sat) | 09:00AM - 11:00AM,,,0,,,0,,0,0,0 | 0 | 30,0.00%,0,0,,Default,[S3 A Math] Jurong East | 13 Sep (Sat) | 09:00AM - 11:00AM
Sep CC - Sec<>Sec - AM<>S3<>Trigonometry<>William Ho<>Kovan<>KO-2<>21<>09 Sep (Tue)<>10:00 am,Sep CC - Sec,Sec - AM,S3,Trigonometry,William Ho,Kovan,KO-2,21,09 Sep (Tue),10:00:00 AM,9/9/2025,10:00AM - 12:00PM,,988 Upper Serangoon Rd #01-16 (Stars of Kovan) S534733,SMath(AM),SMath,A Math,S3,CC,S3 A Math,S3 A Math - Kovan - 09 Sep (Tue) 10:00AM,[S3 A Math] Kovan | 09 Sep (Tue) | 10:00AM - 12:00PM,,,0,,,0,,0,0,0 | 0 | 21,0.00%,0,0,,Default,[S3 A Math] Kovan | 09 Sep (Tue) | 10:00AM - 12:00PM
Sep CC - Sec<>Sec - AM<>S3<>Trigonometry<>William Ho<>Kovan<>KO-2<>21<>09 Sep (Tue)<>1:00 pm,Sep CC - Sec,Sec - AM,S3,Trigonometry,William Ho,Kovan,KO-2,21,09 Sep (Tue),1:00:00 PM,9/9/2025,01:00PM - 03:00PM,,988 Upper Serangoon Rd #01-16 (Stars of Kovan) S534733,SMath(AM),SMath,A Math,S3,CC,S3 A Math,S3 A Math - Kovan - 09 Sep (Tue) 1:00PM,[S3 A Math] Kovan | 09 Sep (Tue) | 01:00PM - 03:00PM,,,0,,,0,,0,0,0 | 0 | 21,0.00%,0,0,,Default,[S3 A Math] Kovan | 09 Sep (Tue) | 01:00PM - 03:00PM
Sep CC - Sec<>Sec - AM<>S3<>Trigonometry<>William Ho<>Kovan<>KO-1<>29<>14 Sep (Sun)<>10:00 am,Sep CC - Sec,Sec - AM,S3,Trigonometry,William Ho,Kovan,KO-1,29,14 Sep (Sun),10:00:00 AM,9/14/2025,10:00AM - 12:00PM,,988 Upper Serangoon Rd #01-16 (Stars of Kovan) S534733,SMath(AM),SMath,A Math,S3,CC,S3 A Math,S3 A Math - Kovan - 14 Sep (Sun) 10:00AM,[S3 A Math] Kovan | 14 Sep (Sun) | 10:00AM - 12:00PM,,,0,,,0,,0,0,0 | 0 | 29,0.00%,0,0,,Default,[S3 A Math] Kovan | 14 Sep (Sun) | 10:00AM - 12:00PM
Sep CC - Sec<>Sec - AM<>S3<>Trigonometry<>Kai Wen<>Paya Lebar<>KINEX-4<>30<>08 Sep (Mon)<>10:00 am,Sep CC - Sec,Sec - AM,S3,Trigonometry,Kai Wen,Paya Lebar,KINEX-4,30,08 Sep (Mon),10:00:00 AM,9/8/2025,10:00AM - 12:00PM,bit.ly/zenithKINEX,11 Tanjong Katong Rd #02-09 (KINEX Mall) S437157,SMath(AM),SMath,A Math,S3,CC,S3 A Math,S3 A Math - Paya Lebar - 08 Sep (Mon) 10:00AM,[S3 A Math] Paya Lebar | 08 Sep (Mon) | 10:00AM - 12:00PM,,,0,,,0,,0,0,0 | 0 | 30,0.00%,0,0,,Default,[S3 A Math] Paya Lebar | 08 Sep (Mon) | 10:00AM - 12:00PM
Sep CC - Sec<>Sec - AM<>S3<>Trigonometry<>Kai Wen<>Paya Lebar<>KINEX-2<>30<>11 Sep (Thu)<>10:00 am,Sep CC - Sec,Sec - AM,S3,Trigonometry,Kai Wen,Paya Lebar,KINEX-2,30,11 Sep (Thu),10:00:00 AM,9/11/2025,10:00AM - 12:00PM,bit.ly/zenithKINEX,11 Tanjong Katong Rd #02-09 (KINEX Mall) S437157,SMath(AM),SMath,A Math,S3,CC,S3 A Math,S3 A Math - Paya Lebar - 11 Sep (Thu) 10:00AM,[S3 A Math] Paya Lebar | 11 Sep (Thu) | 10:00AM - 12:00PM,,,0,,,0,,0,0,0 | 0 | 30,0.00%,0,0,,Default,[S3 A Math] Paya Lebar | 11 Sep (Thu) | 10:00AM - 12:00PM
Sep CC - Sec<>Sec - AM<>S3<>Trigonometry<>Chen Fang<>Potong Pasir<>PP-1 (L1)<>18<>08 Sep (Mon)<>10:00 am,Sep CC - Sec,Sec - AM,S3,Trigonometry,Chen Fang,Potong Pasir,PP-1 (L1),18,08 Sep (Mon),10:00:00 AM,9/8/2025,10:00AM - 12:00PM,bit.ly/zenithPP,25 Tai Thong Crescent (Beside 7-11) S347856,SMath(AM),SMath,A Math,S3,CC,S3 A Math,S3 A Math - Potong Pasir - 08 Sep (Mon) 10:00AM,[S3 A Math] Potong Pasir | 08 Sep (Mon) | 10:00AM - 12:00PM,,,0,,,0,,0,0,0 | 0 | 18,0.00%,0,0,,Default,[S3 A Math] Potong Pasir | 08 Sep (Mon) | 10:00AM - 12:00PM
Sep CC - Sec<>Sec - AM<>S3<>Trigonometry<>Alicia<>Potong Pasir<>PP-1 (L1)<>18<>10 Sep (Wed)<>1:00 pm,Sep CC - Sec,Sec - AM,S3,Trigonometry,Alicia,Potong Pasir,PP-1 (L1),18,10 Sep (Wed),1:00:00 PM,9/10/2025,01:00PM - 03:00PM,bit.ly/zenithPP,25 Tai Thong Crescent (Beside 7-11) S347856,SMath(AM),SMath,A Math,S3,CC,S3 A Math,S3 A Math - Potong Pasir - 10 Sep (Wed) 1:00PM,[S3 A Math] Potong Pasir | 10 Sep (Wed) | 01:00PM - 03:00PM,,,0,,,0,,0,0,0 | 0 | 18,0.00%,0,0,,Default,[S3 A Math] Potong Pasir | 10 Sep (Wed) | 01:00PM - 03:00PM
Sep CC - Sec<>Sec - AM<>S3<>Trigonometry<>Chen Fang<>Potong Pasir<>PP-1 (L1)<>18<>12 Sep (Fri)<>1:00 pm,Sep CC - Sec,Sec - AM,S3,Trigonometry,Chen Fang,Potong Pasir,PP-1 (L1),18,12 Sep (Fri),1:00:00 PM,9/12/2025,01:00PM - 03:00PM,bit.ly/zenithPP,25 Tai Thong Crescent (Beside 7-11) S347856,SMath(AM),SMath,A Math,S3,CC,S3 A Math,S3 A Math - Potong Pasir - 12 Sep (Fri) 1:00PM,[S3 A Math] Potong Pasir | 12 Sep (Fri) | 01:00PM - 03:00PM,,,0,,,0,,0,0,0 | 0 | 18,0.00%,0,0,,Default,[S3 A Math] Potong Pasir | 12 Sep (Fri) | 01:00PM - 03:00PM
Sep CC - Sec<>Sec - AM<>S3<>Trigonometry<>Kason<>Tampines<>TP-3 (main)<>20<>07 Sep (Sun)<>4:00 pm,Sep CC - Sec,Sec - AM,S3,Trigonometry,Kason,Tampines,TP-3 (main),20,07 Sep (Sun),4:00:00 PM,9/7/2025,04:00PM - 06:00PM,bit.ly/zenithTP,1 Tampines Central #08-10 (CPF Building) SS529508,SMath(AM),SMath,A Math,S3,CC,S3 A Math,S3 A Math - Tampines - 07 Sep (Sun) 4:00PM,[S3 A Math] Tampines | 07 Sep (Sun) | 04:00PM - 06:00PM,,,0,,,0,,0,0,0 | 0 | 20,0.00%,0,0,,Default,[S3 A Math] Tampines | 07 Sep (Sun) | 04:00PM - 06:00PM
Sep CC - Sec<>Sec - AM<>S3<>Trigonometry<>Zachary Yim<>Tan Kah Kee<>TKK-1<>14<>08 Sep (Mon)<>1:00 pm,Sep CC - Sec,Sec - AM,S3,Trigonometry,Zachary Yim,Tan Kah Kee,TKK-1,14,08 Sep (Mon),1:00:00 PM,9/8/2025,01:00PM - 03:00PM,bit.ly/TKK607,607 Bukit Timah Road #02-01 S269708,SMath(AM),SMath,A Math,S3,CC,S3 A Math,S3 A Math - Tan Kah Kee - 08 Sep (Mon) 1:00PM,[S3 A Math] Tan Kah Kee | 08 Sep (Mon) | 01:00PM - 03:00PM,,,0,,,0,,0,0,0 | 0 | 14,0.00%,0,0,,Default,[S3 A Math] Tan Kah Kee | 08 Sep (Mon) | 01:00PM - 03:00PM
Sep CC - Sec<>Sec - AM<>S3<>Trigonometry<>Zachary Yim<>Tan Kah Kee<>TKK-3<>19<>10 Sep (Wed)<>1:00 pm,Sep CC - Sec,Sec - AM,S3,Trigonometry,Zachary Yim,Tan Kah Kee,TKK-3,19,10 Sep (Wed),1:00:00 PM,9/10/2025,01:00PM - 03:00PM,bit.ly/TKK607,607 Bukit Timah Road #02-01 S269708,SMath(AM),SMath,A Math,S3,CC,S3 A Math,S3 A Math - Tan Kah Kee - 10 Sep (Wed) 1:00PM,[S3 A Math] Tan Kah Kee | 10 Sep (Wed) | 01:00PM - 03:00PM,,,0,,,0,,0,0,0 | 0 | 19,0.00%,0,0,,Default,[S3 A Math] Tan Kah Kee | 10 Sep (Wed) | 01:00PM - 03:00PM
"Sep CC - Sec<>Sec - C Chem<>S3<>Chemical Bonding, Acid & Bases, Mol Calculation<>Daryl Ong<>Bishan<>BS-4 (Pri)<>15<>11 Sep (Thu)<>10:00 am",Sep CC - Sec,Sec - C Chem,S3,"Chemical Bonding, Acid & Bases, Mol Calculation",Daryl Ong,Bishan,BS-4 (Pri),15,11 Sep (Thu),10:00:00 AM,9/11/2025,10:00AM - 12:00PM,bit.ly/zenithBISHAN,51 Bishan Street 13 #03-01 (Bishan CC) S579799,SChem(Comb),SChem,Combined Chemistry,S3,CC,S3 Chemistry,S3 Combined Chemistry - Bishan - 11 Sep (Thu) 10:00AM,[S3 Combined Chemistry] Bishan | 11 Sep (Thu) | 10:00AM - 12:00PM,,,0,,,0,,0,0,0 | 0 | 15,0.00%,0,0,,Default,[S3 Combined Chemistry] Bishan | 11 Sep (Thu) | 10:00AM - 12:00PM
"Sep CC - Sec<>Sec - C Chem<>S3<>Chemical Bonding, Acid & Bases, Mol Calculation<>Daryl Ong<>Potong Pasir<>PP-3 (L2)<>14<>09 Sep (Tue)<>1:00 pm",Sep CC - Sec,Sec - C Chem,S3,"Chemical Bonding, Acid & Bases, Mol Calculation",Daryl Ong,Potong Pasir,PP-3 (L2),14,09 Sep (Tue),1:00:00 PM,9/9/2025,01:00PM - 03:00PM,bit.ly/zenithPP,25 Tai Thong Crescent (Beside 7-11) S347856,SChem(Comb),SChem,Combined Chemistry,S3,CC,S3 Chemistry,S3 Combined Chemistry - Potong Pasir - 09 Sep (Tue) 1:00PM,[S3 Combined Chemistry] Potong Pasir | 09 Sep (Tue) | 01:00PM - 03:00PM,,,0,,,0,,0,0,0 | 0 | 14,0.00%,0,0,,Default,[S3 Combined Chemistry] Potong Pasir | 09 Sep (Tue) | 01:00PM - 03:00PM
"Sep CC - Sec<>Sec - C Chem<>S3<>Chemical Bonding, Acid & Bases, Mol Calculation<>Shannon<>Tampines<>TP-2 (main)<>22<>08 Sep (Mon)<>10:00 am",Sep CC - Sec,Sec - C Chem,S3,"Chemical Bonding, Acid & Bases, Mol Calculation",Shannon,Tampines,TP-2 (main),22,08 Sep (Mon),10:00:00 AM,9/8/2025,10:00AM - 12:00PM,bit.ly/zenithTP,1 Tampines Central #08-10 (CPF Building) SS529508,SChem(Comb),SChem,Combined Chemistry,S3,CC,S3 Chemistry,S3 Combined Chemistry - Tampines - 08 Sep (Mon) 10:00AM,[S3 Combined Chemistry] Tampines | 08 Sep (Mon) | 10:00AM - 12:00PM,,,0,,,0,,0,0,0 | 0 | 22,0.00%,0,0,,Default,[S3 Combined Chemistry] Tampines | 08 Sep (Mon) | 10:00AM - 12:00PM
"Sep CC - Sec<>Sec - C Chem<>S3<>Chemical Bonding, Acid & Bases, Mol Calculation<>Shannon<>Tampines<>TP-3 (main)<>20<>10 Sep (Wed)<>1:00 pm",Sep CC - Sec,Sec - C Chem,S3,"Chemical Bonding, Acid & Bases, Mol Calculation",Shannon,Tampines,TP-3 (main),20,10 Sep (Wed),1:00:00 PM,9/10/2025,01:00PM - 03:00PM,bit.ly/zenithTP,1 Tampines Central #08-10 (CPF Building) SS529508,SChem(Comb),SChem,Combined Chemistry,S3,CC,S3 Chemistry,S3 Combined Chemistry - Tampines - 10 Sep (Wed) 1:00PM,[S3 Combined Chemistry] Tampines | 10 Sep (Wed) | 01:00PM - 03:00PM,,,0,,,0,,0,0,0 | 0 | 20,0.00%,0,0,,Default,[S3 Combined Chemistry] Tampines | 10 Sep (Wed) | 01:00PM - 03:00PM
"Sep CC - Sec<>Sec - C Phy<>S3<>Dynamics, Pressure, Energy<>Jael<>Bishan<>BS-4 (Pri)<>15<>09 Sep (Tue)<>1:00 pm",Sep CC - Sec,Sec - C Phy,S3,"Dynamics, Pressure, Energy",Jael,Bishan,BS-4 (Pri),15,09 Sep (Tue),1:00:00 PM,9/9/2025,01:00PM - 03:00PM,bit.ly/zenithBISHAN,51 Bishan Street 13 #03-01 (Bishan CC) S579799,SPhy(Comb),SPhy,Combined Physics,S3,CC,S3 Physics,S3 Combined Physics - Bishan - 09 Sep (Tue) 1:00PM,[S3 Combined Physics] Bishan | 09 Sep (Tue) | 01:00PM - 03:00PM,,,0,,,0,,0,0,0 | 0 | 15,0.00%,0,0,,Default,[S3 Combined Physics] Bishan | 09 Sep (Tue) | 01:00PM - 03:00PM
"Sep CC - Sec<>Sec - C Phy<>S3<>Dynamics, Pressure, Energy<>Jael<>Bishan<>BS-6 (Sec)<>9<>10 Sep (Wed)<>1:00 pm",Sep CC - Sec,Sec - C Phy,S3,"Dynamics, Pressure, Energy",Jael,Bishan,BS-6 (Sec),9,10 Sep (Wed),1:00:00 PM,9/10/2025,01:00PM - 03:00PM,bit.ly/zenithBISHAN,51 Bishan Street 13 #03-01 (Bishan CC) S579799,SPhy(Comb),SPhy,Combined Physics,S3,CC,S3 Physics,S3 Combined Physics - Bishan - 10 Sep (Wed) 1:00PM,[S3 Combined Physics] Bishan | 10 Sep (Wed) | 01:00PM - 03:00PM,,,0,,,0,,0,0,0 | 0 | 9,0.00%,0,0,,Default,[S3 Combined Physics] Bishan | 10 Sep (Wed) | 01:00PM - 03:00PM
"Sep CC - Sec<>Sec - C Phy<>S3<>Dynamics, Pressure, Energy<>Jael<>Bishan<>BS-5 (Sec)<>18<>11 Sep (Thu)<>1:00 pm",Sep CC - Sec,Sec - C Phy,S3,"Dynamics, Pressure, Energy",Jael,Bishan,BS-5 (Sec),18,11 Sep (Thu),1:00:00 PM,9/11/2025,01:00PM - 03:00PM,bit.ly/zenithBISHAN,51 Bishan Street 13 #03-01 (Bishan CC) S579799,SPhy(Comb),SPhy,Combined Physics,S3,CC,S3 Physics,S3 Combined Physics - Bishan - 11 Sep (Thu) 1:00PM,[S3 Combined Physics] Bishan | 11 Sep (Thu) | 01:00PM - 03:00PM,,,0,,,0,,0,0,0 | 0 | 18,0.00%,0,0,,Default,[S3 Combined Physics] Bishan | 11 Sep (Thu) | 01:00PM - 03:00PM
"Sep CC - Sec<>Sec - C Phy<>S3<>Dynamics, Pressure, Energy<>Jael<>Tampines<>TP-3 (main)<>20<>08 Sep (Mon)<>1:00 pm",Sep CC - Sec,Sec - C Phy,S3,"Dynamics, Pressure, Energy",Jael,Tampines,TP-3 (main),20,08 Sep (Mon),1:00:00 PM,9/8/2025,01:00PM - 03:00PM,bit.ly/zenithTP,1 Tampines Central #08-10 (CPF Building) SS529508,SPhy(Comb),SPhy,Combined Physics,S3,CC,S3 Physics,S3 Combined Physics - Tampines - 08 Sep (Mon) 1:00PM,[S3 Combined Physics] Tampines | 08 Sep (Mon) | 01:00PM - 03:00PM,,,0,,,0,,0,0,0 | 0 | 20,0.00%,0,0,,Default,[S3 Combined Physics] Tampines | 08 Sep (Mon) | 01:00PM - 03:00PM
"Sep CC - Sec<>Sec - C Phy<>S3<>Dynamics, Pressure, Energy<>Liu Yuan<>Tampines<>TP-7 (main)<>10<>11 Sep (Thu)<>7:00 pm",Sep CC - Sec,Sec - C Phy,S3,"Dynamics, Pressure, Energy",Liu Yuan,Tampines,TP-7 (main),10,11 Sep (Thu),7:00:00 PM,9/11/2025,07:00PM - 09:00PM,bit.ly/zenithTP,1 Tampines Central #08-10 (CPF Building) SS529508,SPhy(Comb),SPhy,Combined Physics,S3,CC,S3 Physics,S3 Combined Physics - Tampines - 11 Sep (Thu) 7:00PM,[S3 Combined Physics] Tampines | 11 Sep (Thu) | 07:00PM - 09:00PM,,,0,,,0,,0,0,0 | 0 | 10,0.00%,0,0,,Default,[S3 Combined Physics] Tampines | 11 Sep (Thu) | 07:00PM - 09:00PM
"Sep CC - Sec<>Sec - EM<>S3<>Applications of Trigonometry, Congruence and Similarity<>Chen Fang<>Bishan<>BS-5 (Sec)<>18<>10 Sep (Wed)<>1:00 pm",Sep CC - Sec,Sec - EM,S3,"Applications of Trigonometry, Congruence and Similarity",Chen Fang,Bishan,BS-5 (Sec),18,10 Sep (Wed),1:00:00 PM,9/10/2025,01:00PM - 03:00PM,bit.ly/zenithBISHAN,51 Bishan Street 13 #03-01 (Bishan CC) S579799,SMath(EM),SMath,E Math,S3,CC,S3 E Math,S3 E Math - Bishan - 10 Sep (Wed) 1:00PM,[S3 E Math] Bishan | 10 Sep (Wed) | 01:00PM - 03:00PM,,,0,,,0,,0,0,0 | 0 | 18,0.00%,0,0,,Default,[S3 E Math] Bishan | 10 Sep (Wed) | 01:00PM - 03:00PM
"Sep CC - Sec<>Sec - EM<>S3<>Applications of Trigonometry, Congruence and Similarity<>Alicia<>Bishan<>BS-5 (Sec)<>18<>12 Sep (Fri)<>10:00 am",Sep CC - Sec,Sec - EM,S3,"Applications of Trigonometry, Congruence and Similarity",Alicia,Bishan,BS-5 (Sec),18,12 Sep (Fri),10:00:00 AM,9/12/2025,10:00AM - 12:00PM,bit.ly/zenithBISHAN,51 Bishan Street 13 #03-01 (Bishan CC) S579799,SMath(EM),SMath,E Math,S3,CC,S3 E Math,S3 E Math - Bishan - 12 Sep (Fri) 10:00AM,[S3 E Math] Bishan | 12 Sep (Fri) | 10:00AM - 12:00PM,,,0,,,0,,0,0,0 | 0 | 18,0.00%,0,0,,Default,[S3 E Math] Bishan | 12 Sep (Fri) | 10:00AM - 12:00PM
"Sep CC - Sec<>Sec - EM<>S3<>Applications of Trigonometry, Congruence and Similarity<>Xavier Sim<>Bukit Panjang<>BP-2 (JC/SS)<>12<>06 Sep (Sat)<>9:00:00AM",Sep CC - Sec,Sec - EM,S3,"Applications of Trigonometry, Congruence and Similarity",Xavier Sim,Bukit Panjang,BP-2 (JC/SS),12,06 Sep (Sat),9:00:00 AM,9/6/2025,09:00AM - 11:00AM,bit.ly/zenithBP,1 Woodlands Road #01-10 (Junction10) S677899,SMath(EM),SMath,E Math,S3,Hybrid,S3 E Math,S3 E Math - Bukit Panjang - 06 Sep (Sat) 9:00AM,[S3 E Math] Bukit Panjang | 06 Sep (Sat) | 09:00AM - 11:00AM,,,0,,,0,,0,0,0 | 0 | 12,0.00%,0,0,,Default,[S3 E Math] Bukit Panjang | 06 Sep (Sat) | 09:00AM - 11:00AM
"Sep CC - Sec<>Sec - EM<>S3<>Applications of Trigonometry, Congruence and Similarity<>Xavier Sim<>Bukit Panjang<>BP-2 (JC/SS)<>12<>07 Sep (Sun)<>9:00:00AM",Sep CC - Sec,Sec - EM,S3,"Applications of Trigonometry, Congruence and Similarity",Xavier Sim,Bukit Panjang,BP-2 (JC/SS),12,07 Sep (Sun),9:00:00 AM,9/7/2025,09:00AM - 11:00AM,bit.ly/zenithBP,1 Woodlands Road #01-10 (Junction10) S677899,SMath(EM),SMath,E Math,S3,Hybrid,S3 E Math,S3 E Math - Bukit Panjang - 07 Sep (Sun) 9:00AM,[S3 E Math] Bukit Panjang | 07 Sep (Sun) | 09:00AM - 11:00AM,,,0,,,0,,0,0,0 | 0 | 12,0.00%,0,0,,Default,[S3 E Math] Bukit Panjang | 07 Sep (Sun) | 09:00AM - 11:00AM
"Sep CC - Sec<>Sec - EM<>S3<>Applications of Trigonometry, Congruence and Similarity<>Xavier Sim<>Bukit Panjang<>BP-2 (JC/SS)<>12<>13 Sep (Sat)<>9:00:00AM",Sep CC - Sec,Sec - EM,S3,"Applications of Trigonometry, Congruence and Similarity",Xavier Sim,Bukit Panjang,BP-2 (JC/SS),12,13 Sep (Sat),9:00:00 AM,9/13/2025,09:00AM - 11:00AM,bit.ly/zenithBP,1 Woodlands Road #01-10 (Junction10) S677899,SMath(EM),SMath,E Math,S3,Hybrid,S3 E Math,S3 E Math - Bukit Panjang - 13 Sep (Sat) 9:00AM,[S3 E Math] Bukit Panjang | 13 Sep (Sat) | 09:00AM - 11:00AM,,,0,,,0,,0,0,0 | 0 | 12,0.00%,0,0,,Default,[S3 E Math] Bukit Panjang | 13 Sep (Sat) | 09:00AM - 11:00AM
"Sep CC - Sec<>Sec - EM<>S3<>Applications of Trigonometry, Congruence and Similarity<>Xavier Sim<>Bukit Panjang<>BP-2 (JC/SS)<>12<>14 Sep (Sun)<>9:00:00AM",Sep CC - Sec,Sec - EM,S3,"Applications of Trigonometry, Congruence and Similarity",Xavier Sim,Bukit Panjang,BP-2 (JC/SS),12,14 Sep (Sun),9:00:00 AM,9/14/2025,09:00AM - 11:00AM,bit.ly/zenithBP,1 Woodlands Road #01-10 (Junction10) S677899,SMath(EM),SMath,E Math,S3,Hybrid,S3 E Math,S3 E Math - Bukit Panjang - 14 Sep (Sun) 9:00AM,[S3 E Math] Bukit Panjang | 14 Sep (Sun) | 09:00AM - 11:00AM,,,0,,,0,,0,0,0 | 0 | 12,0.00%,0,0,,Default,[S3 E Math] Bukit Panjang | 14 Sep (Sun) | 09:00AM - 11:00AM
"Sep CC - Sec<>Sec - EM<>S3<>Applications of Trigonometry, Congruence and Similarity<>Xavier Sim<>Bukit Panjang<>BP-2 (JC/SS)<>12<>14 Sep (Sun)<>4:00 pm",Sep CC - Sec,Sec - EM,S3,"Applications of Trigonometry, Congruence and Similarity",Xavier Sim,Bukit Panjang,BP-2 (JC/SS),12,14 Sep (Sun),4:00:00 PM,9/14/2025,04:00PM - 06:00PM,bit.ly/zenithBP,1 Woodlands Road #01-10 (Junction10) S677899,SMath(EM),SMath,E Math,S3,CC,S3 E Math,S3 E Math - Bukit Panjang - 14 Sep (Sun) 4:00PM,[S3 E Math] Bukit Panjang | 14 Sep (Sun) | 04:00PM - 06:00PM,,,0,,,0,,0,0,0 | 0 | 12,0.00%,0,0,,Default,[S3 E Math] Bukit Panjang | 14 Sep (Sun) | 04:00PM - 06:00PM
"Sep CC - Sec<>Sec - EM<>S3<>Applications of Trigonometry, Congruence and Similarity<>Vegas Low<>Buona Vista<>BV-3 (L2)<>30<>08 Sep (Mon)<>10:00 am",Sep CC - Sec,Sec - EM,S3,"Applications of Trigonometry, Congruence and Similarity",Vegas Low,Buona Vista,BV-3 (L2),30,08 Sep (Mon),10:00:00 AM,9/8/2025,10:00AM - 12:00PM,bit.ly/zenithBV,35 Rochester Dr #02-23 (Rochester Mall) S138639,SMath(EM),SMath,E Math,S3,CC,S3 E Math,S3 E Math - Buona Vista - 08 Sep (Mon) 10:00AM,[S3 E Math] Buona Vista | 08 Sep (Mon) | 10:00AM - 12:00PM,,,0,,,0,,0,0,0 | 0 | 30,0.00%,0,0,,Default,[S3 E Math] Buona Vista | 08 Sep (Mon) | 10:00AM - 12:00PM
"Sep CC - Sec<>Sec - EM<>S3<>Applications of Trigonometry, Congruence and Similarity<>Vegas Low<>Buona Vista<>BV-3 (L2)<>30<>10 Sep (Wed)<>10:00 am",Sep CC - Sec,Sec - EM,S3,"Applications of Trigonometry, Congruence and Similarity",Vegas Low,Buona Vista,BV-3 (L2),30,10 Sep (Wed),10:00:00 AM,9/10/2025,10:00AM - 12:00PM,bit.ly/zenithBV,35 Rochester Dr #02-23 (Rochester Mall) S138639,SMath(EM),SMath,E Math,S3,CC,S3 E Math,S3 E Math - Buona Vista - 10 Sep (Wed) 10:00AM,[S3 E Math] Buona Vista | 10 Sep (Wed) | 10:00AM - 12:00PM,,,0,,,0,,0,0,0 | 0 | 30,0.00%,0,0,,Default,[S3 E Math] Buona Vista | 10 Sep (Wed) | 10:00AM - 12:00PM
"Sep CC - Sec<>Sec - EM<>S3<>Applications of Trigonometry, Congruence and Similarity<>Vegas Low<>Buona Vista<>BV-3 (L2)<>30<>11 Sep (Thu)<>10:00 am",Sep CC - Sec,Sec - EM,S3,"Applications of Trigonometry, Congruence and Similarity",Vegas Low,Buona Vista,BV-3 (L2),30,11 Sep (Thu),10:00:00 AM,9/11/2025,10:00AM - 12:00PM,bit.ly/zenithBV,35 Rochester Dr #02-23 (Rochester Mall) S138639,SMath(EM),SMath,E Math,S3,CC,S3 E Math,S3 E Math - Buona Vista - 11 Sep (Thu) 10:00AM,[S3 E Math] Buona Vista | 11 Sep (Thu) | 10:00AM - 12:00PM,,,0,,,0,,0,0,0 | 0 | 30,0.00%,0,0,,Default,[S3 E Math] Buona Vista | 11 Sep (Thu) | 10:00AM - 12:00PM
"Sep CC - Sec<>Sec - EM<>S3<>Applications of Trigonometry, Congruence and Similarity<>William Ho<>Kovan<>KO-1<>29<>07 Sep (Sun)<>1:00 pm",Sep CC - Sec,Sec - EM,S3,"Applications of Trigonometry, Congruence and Similarity",William Ho,Kovan,KO-1,29,07 Sep (Sun),1:00:00 PM,9/7/2025,01:00PM - 03:00PM,,988 Upper Serangoon Rd #01-16 (Stars of Kovan) S534733,SMath(EM),SMath,E Math,S3,CC,S3 E Math,S3 E Math - Kovan - 07 Sep (Sun) 1:00PM,[S3 E Math] Kovan | 07 Sep (Sun) | 01:00PM - 03:00PM,,,0,,,0,,0,0,0 | 0 | 29,0.00%,0,0,,Default,[S3 E Math] Kovan | 07 Sep (Sun) | 01:00PM - 03:00PM
"Sep CC - Sec<>Sec - EM<>S3<>Applications of Trigonometry, Congruence and Similarity<>William Ho<>Kovan<>KO-2<>21<>10 Sep (Wed)<>10:00 am",Sep CC - Sec,Sec - EM,S3,"Applications of Trigonometry, Congruence and Similarity",William Ho,Kovan,KO-2,21,10 Sep (Wed),10:00:00 AM,9/10/2025,10:00AM - 12:00PM,,988 Upper Serangoon Rd #01-16 (Stars of Kovan) S534733,SMath(EM),SMath,E Math,S3,CC,S3 E Math,S3 E Math - Kovan - 10 Sep (Wed) 10:00AM,[S3 E Math] Kovan | 10 Sep (Wed) | 10:00AM - 12:00PM,,,0,,,0,,0,0,0 | 0 | 21,0.00%,0,0,,Default,[S3 E Math] Kovan | 10 Sep (Wed) | 10:00AM - 12:00PM
"Sep CC - Sec<>Sec - EM<>S3<>Applications of Trigonometry, Congruence and Similarity<>William Ho<>Kovan<>KO-2<>21<>10 Sep (Wed)<>1:00 pm",Sep CC - Sec,Sec - EM,S3,"Applications of Trigonometry, Congruence and Similarity",William Ho,Kovan,KO-2,21,10 Sep (Wed),1:00:00 PM,9/10/2025,01:00PM - 03:00PM,,988 Upper Serangoon Rd #01-16 (Stars of Kovan) S534733,SMath(EM),SMath,E Math,S3,CC,S3 E Math,S3 E Math - Kovan - 10 Sep (Wed) 1:00PM,[S3 E Math] Kovan | 10 Sep (Wed) | 01:00PM - 03:00PM,,,0,,,0,,0,0,0 | 0 | 21,0.00%,0,0,,Default,[S3 E Math] Kovan | 10 Sep (Wed) | 01:00PM - 03:00PM
"Sep CC - Sec<>Sec - EM<>S3<>Applications of Trigonometry, Congruence and Similarity<>William Ho<>Kovan<>KO-1<>29<>13 Sep (Sat)<>1:00 pm",Sep CC - Sec,Sec - EM,S3,"Applications of Trigonometry, Congruence and Similarity",William Ho,Kovan,KO-1,29,13 Sep (Sat),1:00:00 PM,9/13/2025,01:00PM - 03:00PM,,988 Upper Serangoon Rd #01-16 (Stars of Kovan) S534733,SMath(EM),SMath,E Math,S3,CC,S3 E Math,S3 E Math - Kovan - 13 Sep (Sat) 1:00PM,[S3 E Math] Kovan | 13 Sep (Sat) | 01:00PM - 03:00PM,,,0,,,0,,0,0,0 | 0 | 29,0.00%,0,0,,Default,[S3 E Math] Kovan | 13 Sep (Sat) | 01:00PM - 03:00PM
"Sep CC - Sec<>Sec - EM<>S3<>Applications of Trigonometry, Congruence and Similarity<>William Ho<>Kovan<>KO-1<>29<>14 Sep (Sun)<>1:00 pm",Sep CC - Sec,Sec - EM,S3,"Applications of Trigonometry, Congruence and Similarity",William Ho,Kovan,KO-1,29,14 Sep (Sun),1:00:00 PM,9/14/2025,01:00PM - 03:00PM,,988 Upper Serangoon Rd #01-16 (Stars of Kovan) S534733,SMath(EM),SMath,E Math,S3,CC,S3 E Math,S3 E Math - Kovan - 14 Sep (Sun) 1:00PM,[S3 E Math] Kovan | 14 Sep (Sun) | 01:00PM - 03:00PM,,,0,,,0,,0,0,0 | 0 | 29,0.00%,0,0,,Default,[S3 E Math] Kovan | 14 Sep (Sun) | 01:00PM - 03:00PM
"Sep CC - Sec<>Sec - EM<>S3<>Applications of Trigonometry, Congruence and Similarity<>Alicia<>Potong Pasir<>PP-7<>16<>08 Sep (Mon)<>1:00 pm",Sep CC - Sec,Sec - EM,S3,"Applications of Trigonometry, Congruence and Similarity",Alicia,Potong Pasir,PP-7,16,08 Sep (Mon),1:00:00 PM,9/8/2025,01:00PM - 03:00PM,bit.ly/zenithPP,25 Tai Thong Crescent (Beside 7-11) S347856,SMath(EM),SMath,E Math,S3,CC,S3 E Math,S3 E Math - Potong Pasir - 08 Sep (Mon) 1:00PM,[S3 E Math] Potong Pasir | 08 Sep (Mon) | 01:00PM - 03:00PM,,,0,,,0,,0,0,0 | 0 | 16,0.00%,0,0,,Default,[S3 E Math] Potong Pasir | 08 Sep (Mon) | 01:00PM - 03:00PM
"Sep CC - Sec<>Sec - EM<>S3<>Applications of Trigonometry, Congruence and Similarity<>Chen Fang<>Potong Pasir<>PP-1 (L1)<>18<>09 Sep (Tue)<>10:00 am",Sep CC - Sec,Sec - EM,S3,"Applications of Trigonometry, Congruence and Similarity",Chen Fang,Potong Pasir,PP-1 (L1),18,09 Sep (Tue),10:00:00 AM,9/9/2025,10:00AM - 12:00PM,bit.ly/zenithPP,25 Tai Thong Crescent (Beside 7-11) S347856,SMath(EM),SMath,E Math,S3,CC,S3 E Math,S3 E Math - Potong Pasir - 09 Sep (Tue) 10:00AM,[S3 E Math] Potong Pasir | 09 Sep (Tue) | 10:00AM - 12:00PM,,,0,,,0,,0,0,0 | 0 | 18,0.00%,0,0,,Default,[S3 E Math] Potong Pasir | 09 Sep (Tue) | 10:00AM - 12:00PM
"Sep CC - Sec<>Sec - EM<>S3<>Applications of Trigonometry, Congruence and Similarity<>Alicia<>Potong Pasir<>PP-1 (L1)<>18<>10 Sep (Wed)<>10:00 am",Sep CC - Sec,Sec - EM,S3,"Applications of Trigonometry, Congruence and Similarity",Alicia,Potong Pasir,PP-1 (L1),18,10 Sep (Wed),10:00:00 AM,9/10/2025,10:00AM - 12:00PM,bit.ly/zenithPP,25 Tai Thong Crescent (Beside 7-11) S347856,SMath(EM),SMath,E Math,S3,CC,S3 E Math,S3 E Math - Potong Pasir - 10 Sep (Wed) 10:00AM,[S3 E Math] Potong Pasir | 10 Sep (Wed) | 10:00AM - 12:00PM,,,0,,,0,,0,0,0 | 0 | 18,0.00%,0,0,,Default,[S3 E Math] Potong Pasir | 10 Sep (Wed) | 10:00AM - 12:00PM
"Sep CC - Sec<>Sec - EM<>S3<>Applications of Trigonometry, Congruence and Similarity<>Chen Fang<>Potong Pasir<>PP-1 (L1)<>18<>12 Sep (Fri)<>10:00 am",Sep CC - Sec,Sec - EM,S3,"Applications of Trigonometry, Congruence and Similarity",Chen Fang,Potong Pasir,PP-1 (L1),18,12 Sep (Fri),10:00:00 AM,9/12/2025,10:00AM - 12:00PM,bit.ly/zenithPP,25 Tai Thong Crescent (Beside 7-11) S347856,SMath(EM),SMath,E Math,S3,CC,S3 E Math,S3 E Math - Potong Pasir - 12 Sep (Fri) 10:00AM,[S3 E Math] Potong Pasir | 12 Sep (Fri) | 10:00AM - 12:00PM,,,0,,,0,,0,0,0 | 0 | 18,0.00%,0,0,,Default,[S3 E Math] Potong Pasir | 12 Sep (Fri) | 10:00AM - 12:00PM
"Sep CC - Sec<>Sec - EM<>S3<>Applications of Trigonometry, Congruence and Similarity<>Zachary Yim<>Tan Kah Kee<>TKK-1<>14<>08 Sep (Mon)<>10:00 am",Sep CC - Sec,Sec - EM,S3,"Applications of Trigonometry, Congruence and Similarity",Zachary Yim,Tan Kah Kee,TKK-1,14,08 Sep (Mon),10:00:00 AM,9/8/2025,10:00AM - 12:00PM,bit.ly/TKK607,607 Bukit Timah Road #02-01 S269708,SMath(EM),SMath,E Math,S3,CC,S3 E Math,S3 E Math - Tan Kah Kee - 08 Sep (Mon) 10:00AM,[S3 E Math] Tan Kah Kee | 08 Sep (Mon) | 10:00AM - 12:00PM,,,0,,,0,,0,0,0 | 0 | 14,0.00%,0,0,,Default,[S3 E Math] Tan Kah Kee | 08 Sep (Mon) | 10:00AM - 12:00PM
"Sep CC - Sec<>Sec - EM<>S3<>Applications of Trigonometry, Congruence and Similarity<>Zachary Yim<>Tan Kah Kee<>TKK-3<>19<>10 Sep (Wed)<>10:00 am",Sep CC - Sec,Sec - EM,S3,"Applications of Trigonometry, Congruence and Similarity",Zachary Yim,Tan Kah Kee,TKK-3,19,10 Sep (Wed),10:00:00 AM,9/10/2025,10:00AM - 12:00PM,bit.ly/TKK607,607 Bukit Timah Road #02-01 S269708,SMath(EM),SMath,E Math,S3,CC,S3 E Math,S3 E Math - Tan Kah Kee - 10 Sep (Wed) 10:00AM,[S3 E Math] Tan Kah Kee | 10 Sep (Wed) | 10:00AM - 12:00PM,,,0,,,0,,0,0,0 | 0 | 19,0.00%,0,0,,Default,[S3 E Math] Tan Kah Kee | 10 Sep (Wed) | 10:00AM - 12:00PM
Sep CC - Sec<>Sec - Eng<>S3<>Situational Writing<>Jo-Anne<>Bishan<>BS-4 (Pri)<>15<>10 Sep (Wed)<>1:00 pm,Sep CC - Sec,Sec - Eng,S3,Situational Writing,Jo-Anne,Bishan,BS-4 (Pri),15,10 Sep (Wed),1:00:00 PM,9/10/2025,01:00PM - 03:00PM,bit.ly/zenithBISHAN,51 Bishan Street 13 #03-01 (Bishan CC) S579799,SEng,SEng,English,S3,CC,S3 English,S3 English - Bishan - 10 Sep (Wed) 1:00PM,[S3 English] Bishan | 10 Sep (Wed) | 01:00PM - 03:00PM,,,0,,,0,,0,0,0 | 0 | 15,0.00%,0,0,,Default,[S3 English] Bishan | 10 Sep (Wed) | 01:00PM - 03:00PM
Sep CC - Sec<>Sec - Eng<>S3<>Situational Writing<>Jo-Anne<>Bukit Panjang<>BP-1 (JC)<>24<>11 Sep (Thu)<>1:00 pm,Sep CC - Sec,Sec - Eng,S3,Situational Writing,Jo-Anne,Bukit Panjang,BP-1 (JC),24,11 Sep (Thu),1:00:00 PM,9/11/2025,01:00PM - 03:00PM,bit.ly/zenithBP,1 Woodlands Road #01-10 (Junction10) S677899,SEng,SEng,English,S3,CC,S3 English,S3 English - Bukit Panjang - 11 Sep (Thu) 1:00PM,[S3 English] Bukit Panjang | 11 Sep (Thu) | 01:00PM - 03:00PM,,,0,,,0,,0,0,0 | 0 | 24,0.00%,0,0,,Default,[S3 English] Bukit Panjang | 11 Sep (Thu) | 01:00PM - 03:00PM
Sep CC - Sec<>Sec - Eng<>S3<>Situational Writing<>John<>Buona Vista<>BV-4 (L2)<>22<>10 Sep (Wed)<>10:00 am,Sep CC - Sec,Sec - Eng,S3,Situational Writing,John,Buona Vista,BV-4 (L2),22,10 Sep (Wed),10:00:00 AM,9/10/2025,10:00AM - 12:00PM,bit.ly/zenithBV,35 Rochester Dr #02-23 (Rochester Mall) S138639,SEng,SEng,English,S3,CC,S3 English,S3 English - Buona Vista - 10 Sep (Wed) 10:00AM,[S3 English] Buona Vista | 10 Sep (Wed) | 10:00AM - 12:00PM,,,0,,,0,,0,0,0 | 0 | 22,0.00%,0,0,,Default,[S3 English] Buona Vista | 10 Sep (Wed) | 10:00AM - 12:00PM
Sep CC - Sec<>Sec - Eng<>S3<>Situational Writing<>Matthew<>Marine Parade<>MP-5 (Pri)<>9<>06 Sep (Sat)<>4:15:00PM,Sep CC - Sec,Sec - Eng,S3,Situational Writing,Matthew,Marine Parade,MP-5 (Pri),9,06 Sep (Sat),4:15:00 PM,9/6/2025,04:15PM - 06:15PM,https://bit.ly/3B0iImz,80 Marine Parade Road #07-02 (Parkway Parade) S449269,SEng,SEng,English,S3,Hybrid,S3 English,S3 English - Marine Parade - 06 Sep (Sat) 4:15PM,[S3 English] Marine Parade | 06 Sep (Sat) | 04:15PM - 06:15PM,,,0,,,0,,0,0,0 | 0 | 9,0.00%,0,0,,Default,[S3 English] Marine Parade | 06 Sep (Sat) | 04:15PM - 06:15PM
Sep CC - Sec<>Sec - Eng<>S3<>Situational Writing<>Matthew<>Marine Parade<>MP-1 (Pri)<>12<>07 Sep (Sun)<>4:15:00PM,Sep CC - Sec,Sec - Eng,S3,Situational Writing,Matthew,Marine Parade,MP-1 (Pri),12,07 Sep (Sun),4:15:00 PM,9/7/2025,04:15PM - 06:15PM,https://bit.ly/3B0iImz,80 Marine Parade Road #07-02 (Parkway Parade) S449269,SEng,SEng,English,S3,Hybrid,S3 English,S3 English - Marine Parade - 07 Sep (Sun) 4:15PM,[S3 English] Marine Parade | 07 Sep (Sun) | 04:15PM - 06:15PM,,,0,,,0,,0,0,0 | 0 | 12,0.00%,0,0,,Default,[S3 English] Marine Parade | 07 Sep (Sun) | 04:15PM - 06:15PM
Sep CC - Sec<>Sec - Eng<>S3<>Situational Writing<>Matthew<>Marine Parade<>MP-5 (Pri)<>9<>11 Sep (Thu)<>7:15:00PM,Sep CC - Sec,Sec - Eng,S3,Situational Writing,Matthew,Marine Parade,MP-5 (Pri),9,11 Sep (Thu),7:15:00 PM,9/11/2025,07:15PM - 09:15PM,https://bit.ly/3B0iImz,80 Marine Parade Road #07-02 (Parkway Parade) S449269,SEng,SEng,English,S3,Hybrid,S3 English,S3 English - Marine Parade - 11 Sep (Thu) 7:15PM,[S3 English] Marine Parade | 11 Sep (Thu) | 07:15PM - 09:15PM,,,0,,,0,,0,0,0 | 0 | 9,0.00%,0,0,,Default,[S3 English] Marine Parade | 11 Sep (Thu) | 07:15PM - 09:15PM
Sep CC - Sec<>Sec - Eng<>S3<>Situational Writing<>Matthew<>Marine Parade<>MP-5 (Pri)<>9<>12 Sep (Fri)<>5:00:00PM,Sep CC - Sec,Sec - Eng,S3,Situational Writing,Matthew,Marine Parade,MP-5 (Pri),9,12 Sep (Fri),5:00:00 PM,9/12/2025,05:00PM - 07:00PM,https://bit.ly/3B0iImz,80 Marine Parade Road #07-02 (Parkway Parade) S449269,SEng,SEng,English,S3,Hybrid,S3 English,S3 English - Marine Parade - 12 Sep (Fri) 5:00PM,[S3 English] Marine Parade | 12 Sep (Fri) | 05:00PM - 07:00PM,,,0,,,0,,0,0,0 | 0 | 9,0.00%,0,0,,Default,[S3 English] Marine Parade | 12 Sep (Fri) | 05:00PM - 07:00PM
Sep CC - Sec<>Sec - Eng<>S3<>Situational Writing<>Matthew<>Marine Parade<>MP-5 (Pri)<>9<>13 Sep (Sat)<>4:15:00PM,Sep CC - Sec,Sec - Eng,S3,Situational Writing,Matthew,Marine Parade,MP-5 (Pri),9,13 Sep (Sat),4:15:00 PM,9/13/2025,04:15PM - 06:15PM,https://bit.ly/3B0iImz,80 Marine Parade Road #07-02 (Parkway Parade) S449269,SEng,SEng,English,S3,Hybrid,S3 English,S3 English - Marine Parade - 13 Sep (Sat) 4:15PM,[S3 English] Marine Parade | 13 Sep (Sat) | 04:15PM - 06:15PM,,,0,,,0,,0,0,0 | 0 | 9,0.00%,0,0,,Default,[S3 English] Marine Parade | 13 Sep (Sat) | 04:15PM - 06:15PM
Sep CC - Sec<>Sec - Eng<>S3<>Situational Writing<>Matthew<>Marine Parade<>MP-1 (Pri)<>12<>14 Sep (Sun)<>4:15:00PM,Sep CC - Sec,Sec - Eng,S3,Situational Writing,Matthew,Marine Parade,MP-1 (Pri),12,14 Sep (Sun),4:15:00 PM,9/14/2025,04:15PM - 06:15PM,https://bit.ly/3B0iImz,80 Marine Parade Road #07-02 (Parkway Parade) S449269,SEng,SEng,English,S3,Hybrid,S3 English,S3 English - Marine Parade - 14 Sep (Sun) 4:15PM,[S3 English] Marine Parade | 14 Sep (Sun) | 04:15PM - 06:15PM,,,0,,,0,,0,0,0 | 0 | 12,0.00%,0,0,,Default,[S3 English] Marine Parade | 14 Sep (Sun) | 04:15PM - 06:15PM
Sep CC - Sec<>Sec - Eng<>S3<>Situational Writing<>Natalie<>Potong Pasir<>PP-7<>16<>08 Sep (Mon)<>10:00 am,Sep CC - Sec,Sec - Eng,S3,Situational Writing,Natalie,Potong Pasir,PP-7,16,08 Sep (Mon),10:00:00 AM,9/8/2025,10:00AM - 12:00PM,bit.ly/zenithPP,25 Tai Thong Crescent (Beside 7-11) S347856,SEng,SEng,English,S3,CC,S3 English,S3 English - Potong Pasir - 08 Sep (Mon) 10:00AM,[S3 English] Potong Pasir | 08 Sep (Mon) | 10:00AM - 12:00PM,,,0,,,0,,0,0,0 | 0 | 16,0.00%,0,0,,Default,[S3 English] Potong Pasir | 08 Sep (Mon) | 10:00AM - 12:00PM
Sep CC - Sec<>Sec - Eng<>S3<>Situational Writing<>Natalie<>Potong Pasir<>PP-7<>16<>10 Sep (Wed)<>10:00 am,Sep CC - Sec,Sec - Eng,S3,Situational Writing,Natalie,Potong Pasir,PP-7,16,10 Sep (Wed),10:00:00 AM,9/10/2025,10:00AM - 12:00PM,bit.ly/zenithPP,25 Tai Thong Crescent (Beside 7-11) S347856,SEng,SEng,English,S3,CC,S3 English,S3 English - Potong Pasir - 10 Sep (Wed) 10:00AM,[S3 English] Potong Pasir | 10 Sep (Wed) | 10:00AM - 12:00PM,,,0,,,0,,0,0,0 | 0 | 16,0.00%,0,0,,Default,[S3 English] Potong Pasir | 10 Sep (Wed) | 10:00AM - 12:00PM
Sep CC - Sec<>Sec - Eng<>S3<>Situational Writing<>Natalie<>Tampines<>TP-2 (main)<>22<>12 Sep (Fri)<>1:00 pm,Sep CC - Sec,Sec - Eng,S3,Situational Writing,Natalie,Tampines,TP-2 (main),22,12 Sep (Fri),1:00:00 PM,9/12/2025,01:00PM - 03:00PM,bit.ly/zenithTP,1 Tampines Central #08-10 (CPF Building) SS529508,SEng,SEng,English,S3,CC,S3 English,S3 English - Tampines - 12 Sep (Fri) 1:00PM,[S3 English] Tampines | 12 Sep (Fri) | 01:00PM - 03:00PM,,,0,,,0,,0,0,0 | 0 | 22,0.00%,0,0,,Default,[S3 English] Tampines | 12 Sep (Fri) | 01:00PM - 03:00PM
Sep CC - Sec<>Sec - P Bio<>S3<>Transport in Humans<>Natasha<>Paya Lebar<>KINEX-1<>24<>09 Sep (Tue)<>10:00 am,Sep CC - Sec,Sec - P Bio,S3,Transport in Humans,Natasha,Paya Lebar,KINEX-1,24,09 Sep (Tue),10:00:00 AM,9/9/2025,10:00AM - 12:00PM,bit.ly/zenithKINEX,11 Tanjong Katong Rd #02-09 (KINEX Mall) S437157,SBio(Pure),SBio,Pure Biology,S3,CC,S3 Biology,S3 Pure Biology - Paya Lebar - 09 Sep (Tue) 10:00AM,[S3 Pure Biology] Paya Lebar | 09 Sep (Tue) | 10:00AM - 12:00PM,,,0,,,0,,0,0,0 | 0 | 24,0.00%,0,0,,Default,[S3 Pure Biology] Paya Lebar | 09 Sep (Tue) | 10:00AM - 12:00PM
"Sep CC - Sec<>Sec - P Chem<>S3<>Chemical Bonding, Acid & Bases, Mol Calculation<>Tan Jia Yi<>Bishan<>BS-5 (Sec)<>18<>09 Sep (Tue)<>1:00 pm",Sep CC - Sec,Sec - P Chem,S3,"Chemical Bonding, Acid & Bases, Mol Calculation",Tan Jia Yi,Bishan,BS-5 (Sec),18,09 Sep (Tue),1:00:00 PM,9/9/2025,01:00PM - 03:00PM,bit.ly/zenithBISHAN,51 Bishan Street 13 #03-01 (Bishan CC) S579799,SChem(Pure),SChem,Pure Chemistry,S3,CC,S3 Chemistry,S3 Pure Chemistry - Bishan - 09 Sep (Tue) 1:00PM,[S3 Pure Chemistry] Bishan | 09 Sep (Tue) | 01:00PM - 03:00PM,,,0,,,0,,0,0,0 | 0 | 18,0.00%,0,0,,Default,[S3 Pure Chemistry] Bishan | 09 Sep (Tue) | 01:00PM - 03:00PM
"Sep CC - Sec<>Sec - P Chem<>S3<>Chemical Bonding, Acid & Bases, Mol Calculation<>Tan Jia Yi<>Bishan<>BS-4 (Pri)<>15<>11 Sep (Thu)<>1:00 pm",Sep CC - Sec,Sec - P Chem,S3,"Chemical Bonding, Acid & Bases, Mol Calculation",Tan Jia Yi,Bishan,BS-4 (Pri),15,11 Sep (Thu),1:00:00 PM,9/11/2025,01:00PM - 03:00PM,bit.ly/zenithBISHAN,51 Bishan Street 13 #03-01 (Bishan CC) S579799,SChem(Pure),SChem,Pure Chemistry,S3,CC,S3 Chemistry,S3 Pure Chemistry - Bishan - 11 Sep (Thu) 1:00PM,[S3 Pure Chemistry] Bishan | 11 Sep (Thu) | 01:00PM - 03:00PM,,,0,,,0,,0,0,0 | 0 | 15,0.00%,0,0,,Default,[S3 Pure Chemistry] Bishan | 11 Sep (Thu) | 01:00PM - 03:00PM
"Sep CC - Sec<>Sec - P Chem<>S3<>Chemical Bonding, Acid & Bases, Mol Calculation<>Mel<>Buona Vista<>BV-2 (L3)<>22<>08 Sep (Mon)<>10:00 am",Sep CC - Sec,Sec - P Chem,S3,"Chemical Bonding, Acid & Bases, Mol Calculation",Mel,Buona Vista,BV-2 (L3),22,08 Sep (Mon),10:00:00 AM,9/8/2025,10:00AM - 12:00PM,bit.ly/zenithBV,35 Rochester Dr #02-23 (Rochester Mall) S138639,SChem(Pure),SChem,Pure Chemistry,S3,CC,S3 Chemistry,S3 Pure Chemistry - Buona Vista - 08 Sep (Mon) 10:00AM,[S3 Pure Chemistry] Buona Vista | 08 Sep (Mon) | 10:00AM - 12:00PM,,,0,,,0,,0,0,0 | 0 | 22,0.00%,0,0,,Default,[S3 Pure Chemistry] Buona Vista | 08 Sep (Mon) | 10:00AM - 12:00PM
"Sep CC - Sec<>Sec - P Chem<>S3<>Chemical Bonding, Acid & Bases, Mol Calculation<>Crystal<>Buona Vista<>BV-6 (L2)<>15<>09 Sep (Tue)<>3:00 pm",Sep CC - Sec,Sec - P Chem,S3,"Chemical Bonding, Acid & Bases, Mol Calculation",Crystal,Buona Vista,BV-6 (L2),15,09 Sep (Tue),3:00:00 PM,9/9/2025,03:00PM - 05:00PM,bit.ly/zenithBV,35 Rochester Dr #02-23 (Rochester Mall) S138639,SChem(Pure),SChem,Pure Chemistry,S3,CC,S3 Chemistry,S3 Pure Chemistry - Buona Vista - 09 Sep (Tue) 3:00PM,[S3 Pure Chemistry] Buona Vista | 09 Sep (Tue) | 03:00PM - 05:00PM,,,0,,,0,,0,0,0 | 0 | 15,0.00%,0,0,,Default,[S3 Pure Chemistry] Buona Vista | 09 Sep (Tue) | 03:00PM - 05:00PM
"Sep CC - Sec<>Sec - P Chem<>S3<>Chemical Bonding, Acid & Bases, Mol Calculation<>Mel<>Buona Vista<>BV-4 (L2)<>22<>11 Sep (Thu)<>1:00 pm",Sep CC - Sec,Sec - P Chem,S3,"Chemical Bonding, Acid & Bases, Mol Calculation",Mel,Buona Vista,BV-4 (L2),22,11 Sep (Thu),1:00:00 PM,9/11/2025,01:00PM - 03:00PM,bit.ly/zenithBV,35 Rochester Dr #02-23 (Rochester Mall) S138639,SChem(Pure),SChem,Pure Chemistry,S3,CC,S3 Chemistry,S3 Pure Chemistry - Buona Vista - 11 Sep (Thu) 1:00PM,[S3 Pure Chemistry] Buona Vista | 11 Sep (Thu) | 01:00PM - 03:00PM,,,0,,,0,,0,0,0 | 0 | 22,0.00%,0,0,,Default,[S3 Pure Chemistry] Buona Vista | 11 Sep (Thu) | 01:00PM - 03:00PM
"Sep CC - Sec<>Sec - P Chem<>S3<>Chemical Bonding, Acid & Bases, Mol Calculation<>Shannon<>Marine Parade<>MP-4 (Pri)<>12<>11 Sep (Thu)<>1:00 pm",Sep CC - Sec,Sec - P Chem,S3,"Chemical Bonding, Acid & Bases, Mol Calculation",Shannon,Marine Parade,MP-4 (Pri),12,11 Sep (Thu),1:00:00 PM,9/11/2025,01:00PM - 03:00PM,https://bit.ly/3B0iImz,80 Marine Parade Road #07-02 (Parkway Parade) S449269,SChem(Pure),SChem,Pure Chemistry,S3,CC,S3 Chemistry,S3 Pure Chemistry - Marine Parade - 11 Sep (Thu) 1:00PM,[S3 Pure Chemistry] Marine Parade | 11 Sep (Thu) | 01:00PM - 03:00PM,,,0,,,0,,0,0,0 | 0 | 12,0.00%,0,0,,Default,[S3 Pure Chemistry] Marine Parade | 11 Sep (Thu) | 01:00PM - 03:00PM
"Sep CC - Sec<>Sec - P Chem<>S3<>Chemical Bonding, Acid & Bases, Mol Calculation<>Nick<>Paya Lebar<>KINEX-1<>24<>08 Sep (Mon)<>10:00 am",Sep CC - Sec,Sec - P Chem,S3,"Chemical Bonding, Acid & Bases, Mol Calculation",Nick,Paya Lebar,KINEX-1,24,08 Sep (Mon),10:00:00 AM,9/8/2025,10:00AM - 12:00PM,bit.ly/zenithKINEX,11 Tanjong Katong Rd #02-09 (KINEX Mall) S437157,SChem(Pure),SChem,Pure Chemistry,S3,CC,S3 Chemistry,S3 Pure Chemistry - Paya Lebar - 08 Sep (Mon) 10:00AM,[S3 Pure Chemistry] Paya Lebar | 08 Sep (Mon) | 10:00AM - 12:00PM,,,0,,,0,,0,0,0 | 0 | 24,0.00%,0,0,,Default,[S3 Pure Chemistry] Paya Lebar | 08 Sep (Mon) | 10:00AM - 12:00PM
"Sep CC - Sec<>Sec - P Chem<>S3<>Chemical Bonding, Acid & Bases, Mol Calculation<>Nick<>Potong Pasir<>PP-2 (L1)<>21<>10 Sep (Wed)<>10:00 am",Sep CC - Sec,Sec - P Chem,S3,"Chemical Bonding, Acid & Bases, Mol Calculation",Nick,Potong Pasir,PP-2 (L1),21,10 Sep (Wed),10:00:00 AM,9/10/2025,10:00AM - 12:00PM,bit.ly/zenithPP,25 Tai Thong Crescent (Beside 7-11) S347856,SChem(Pure),SChem,Pure Chemistry,S3,CC,S3 Chemistry,S3 Pure Chemistry - Potong Pasir - 10 Sep (Wed) 10:00AM,[S3 Pure Chemistry] Potong Pasir | 10 Sep (Wed) | 10:00AM - 12:00PM,,,0,,,0,,0,0,0 | 0 | 21,0.00%,0,0,,Default,[S3 Pure Chemistry] Potong Pasir | 10 Sep (Wed) | 10:00AM - 12:00PM
"Sep CC - Sec<>Sec - P Chem<>S3<>Chemical Bonding, Acid & Bases, Mol Calculation<>Shannon<>Tampines<>TP-2 (main)<>22<>08 Sep (Mon)<>1:00 pm",Sep CC - Sec,Sec - P Chem,S3,"Chemical Bonding, Acid & Bases, Mol Calculation",Shannon,Tampines,TP-2 (main),22,08 Sep (Mon),1:00:00 PM,9/8/2025,01:00PM - 03:00PM,bit.ly/zenithTP,1 Tampines Central #08-10 (CPF Building) SS529508,SChem(Pure),SChem,Pure Chemistry,S3,CC,S3 Chemistry,S3 Pure Chemistry - Tampines - 08 Sep (Mon) 1:00PM,[S3 Pure Chemistry] Tampines | 08 Sep (Mon) | 01:00PM - 03:00PM,,,0,,,0,,0,0,0 | 0 | 22,0.00%,0,0,,Default,[S3 Pure Chemistry] Tampines | 08 Sep (Mon) | 01:00PM - 03:00PM
"Sep CC - Sec<>Sec - P Chem<>S3<>Chemical Bonding, Acid & Bases, Mol Calculation<>Shannon<>Tampines<>TP-2 (main)<>22<>09 Sep (Tue)<>10:00 am",Sep CC - Sec,Sec - P Chem,S3,"Chemical Bonding, Acid & Bases, Mol Calculation",Shannon,Tampines,TP-2 (main),22,09 Sep (Tue),10:00:00 AM,9/9/2025,10:00AM - 12:00PM,bit.ly/zenithTP,1 Tampines Central #08-10 (CPF Building) SS529508,SChem(Pure),SChem,Pure Chemistry,S3,CC,S3 Chemistry,S3 Pure Chemistry - Tampines - 09 Sep (Tue) 10:00AM,[S3 Pure Chemistry] Tampines | 09 Sep (Tue) | 10:00AM - 12:00PM,,,0,,,0,,0,0,0 | 0 | 22,0.00%,0,0,,Default,[S3 Pure Chemistry] Tampines | 09 Sep (Tue) | 10:00AM - 12:00PM
"Sep CC - Sec<>Sec - P Chem<>S3<>Chemical Bonding, Acid & Bases, Mol Calculation<>Nick<>Tampines<>TP-2 (main)<>22<>11 Sep (Thu)<>1:00 pm",Sep CC - Sec,Sec - P Chem,S3,"Chemical Bonding, Acid & Bases, Mol Calculation",Nick,Tampines,TP-2 (main),22,11 Sep (Thu),1:00:00 PM,9/11/2025,01:00PM - 03:00PM,bit.ly/zenithTP,1 Tampines Central #08-10 (CPF Building) SS529508,SChem(Pure),SChem,Pure Chemistry,S3,CC,S3 Chemistry,S3 Pure Chemistry - Tampines - 11 Sep (Thu) 1:00PM,[S3 Pure Chemistry] Tampines | 11 Sep (Thu) | 01:00PM - 03:00PM,,,0,,,0,,0,0,0 | 0 | 22,0.00%,0,0,,Default,[S3 Pure Chemistry] Tampines | 11 Sep (Thu) | 01:00PM - 03:00PM
"Sep CC - Sec<>Sec - P Phy<>S3<>Dynamics, Pressure, Energy<>Jael<>Bishan<>BS-4 (Pri)<>15<>09 Sep (Tue)<>10:00 am",Sep CC - Sec,Sec - P Phy,S3,"Dynamics, Pressure, Energy",Jael,Bishan,BS-4 (Pri),15,09 Sep (Tue),10:00:00 AM,9/9/2025,10:00AM - 12:00PM,bit.ly/zenithBISHAN,51 Bishan Street 13 #03-01 (Bishan CC) S579799,SPhy(Pure),SPhy,Pure Physics,S3,CC,S3 Physics,S3 Pure Physics - Bishan - 09 Sep (Tue) 10:00AM,[S3 Pure Physics] Bishan | 09 Sep (Tue) | 10:00AM - 12:00PM,,,0,,,0,,0,0,0 | 0 | 15,0.00%,0,0,,Default,[S3 Pure Physics] Bishan | 09 Sep (Tue) | 10:00AM - 12:00PM
"Sep CC - Sec<>Sec - P Phy<>S3<>Dynamics, Pressure, Energy<>Jael<>Bishan<>BS-6 (Sec)<>9<>10 Sep (Wed)<>10:00 am",Sep CC - Sec,Sec - P Phy,S3,"Dynamics, Pressure, Energy",Jael,Bishan,BS-6 (Sec),9,10 Sep (Wed),10:00:00 AM,9/10/2025,10:00AM - 12:00PM,bit.ly/zenithBISHAN,51 Bishan Street 13 #03-01 (Bishan CC) S579799,SPhy(Pure),SPhy,Pure Physics,S3,CC,S3 Physics,S3 Pure Physics - Bishan - 10 Sep (Wed) 10:00AM,[S3 Pure Physics] Bishan | 10 Sep (Wed) | 10:00AM - 12:00PM,,,0,,,0,,0,0,0 | 0 | 9,0.00%,0,0,,Default,[S3 Pure Physics] Bishan | 10 Sep (Wed) | 10:00AM - 12:00PM
"Sep CC - Sec<>Sec - P Phy<>S3<>Dynamics, Pressure, Energy<>Jael<>Bishan<>BS-5 (Sec)<>18<>11 Sep (Thu)<>10:00 am",Sep CC - Sec,Sec - P Phy,S3,"Dynamics, Pressure, Energy",Jael,Bishan,BS-5 (Sec),18,11 Sep (Thu),10:00:00 AM,9/11/2025,10:00AM - 12:00PM,bit.ly/zenithBISHAN,51 Bishan Street 13 #03-01 (Bishan CC) S579799,SPhy(Pure),SPhy,Pure Physics,S3,CC,S3 Physics,S3 Pure Physics - Bishan - 11 Sep (Thu) 10:00AM,[S3 Pure Physics] Bishan | 11 Sep (Thu) | 10:00AM - 12:00PM,,,0,,,0,,0,0,0 | 0 | 18,0.00%,0,0,,Default,[S3 Pure Physics] Bishan | 11 Sep (Thu) | 10:00AM - 12:00PM
"Sep CC - Sec<>Sec - P Phy<>S3<>Dynamics, Pressure, Energy<>Jerlyn<>Bukit Panjang<>BP-3 (SS)<>19<>09 Sep (Tue)<>1:00 pm",Sep CC - Sec,Sec - P Phy,S3,"Dynamics, Pressure, Energy",Jerlyn,Bukit Panjang,BP-3 (SS),19,09 Sep (Tue),1:00:00 PM,9/9/2025,01:00PM - 03:00PM,bit.ly/zenithBP,1 Woodlands Road #01-10 (Junction10) S677899,SPhy(Pure),SPhy,Pure Physics,S3,CC,S3 Physics,S3 Pure Physics - Bukit Panjang - 09 Sep (Tue) 1:00PM,[S3 Pure Physics] Bukit Panjang | 09 Sep (Tue) | 01:00PM - 03:00PM,,,0,,,0,,0,0,0 | 0 | 19,0.00%,0,0,,Default,[S3 Pure Physics] Bukit Panjang | 09 Sep (Tue) | 01:00PM - 03:00PM
"Sep CC - Sec<>Sec - P Phy<>S3<>Dynamics, Pressure, Energy<>Jerlyn<>Buona Vista<>BV-6 (L2)<>15<>10 Sep (Wed)<>1:00 pm",Sep CC - Sec,Sec - P Phy,S3,"Dynamics, Pressure, Energy",Jerlyn,Buona Vista,BV-6 (L2),15,10 Sep (Wed),1:00:00 PM,9/10/2025,01:00PM - 03:00PM,bit.ly/zenithBV,35 Rochester Dr #02-23 (Rochester Mall) S138639,SPhy(Pure),SPhy,Pure Physics,S3,CC,S3 Physics,S3 Pure Physics - Buona Vista - 10 Sep (Wed) 1:00PM,[S3 Pure Physics] Buona Vista | 10 Sep (Wed) | 01:00PM - 03:00PM,,,0,,,0,,0,0,0 | 0 | 15,0.00%,0,0,,Default,[S3 Pure Physics] Buona Vista | 10 Sep (Wed) | 01:00PM - 03:00PM
"Sep CC - Sec<>Sec - P Phy<>S3<>Dynamics, Pressure, Energy<>Jerlyn<>Buona Vista<>BV-6 (L2)<>15<>11 Sep (Thu)<>1:00 pm",Sep CC - Sec,Sec - P Phy,S3,"Dynamics, Pressure, Energy",Jerlyn,Buona Vista,BV-6 (L2),15,11 Sep (Thu),1:00:00 PM,9/11/2025,01:00PM - 03:00PM,bit.ly/zenithBV,35 Rochester Dr #02-23 (Rochester Mall) S138639,SPhy(Pure),SPhy,Pure Physics,S3,CC,S3 Physics,S3 Pure Physics - Buona Vista - 11 Sep (Thu) 1:00PM,[S3 Pure Physics] Buona Vista | 11 Sep (Thu) | 01:00PM - 03:00PM,,,0,,,0,,0,0,0 | 0 | 15,0.00%,0,0,,Default,[S3 Pure Physics] Buona Vista | 11 Sep (Thu) | 01:00PM - 03:00PM
"Sep CC - Sec<>Sec - P Phy<>S3<>Dynamics, Pressure, Energy<>Nick<>Paya Lebar<>KINEX-1<>24<>08 Sep (Mon)<>1:00 pm",Sep CC - Sec,Sec - P Phy,S3,"Dynamics, Pressure, Energy",Nick,Paya Lebar,KINEX-1,24,08 Sep (Mon),1:00:00 PM,9/8/2025,01:00PM - 03:00PM,bit.ly/zenithKINEX,11 Tanjong Katong Rd #02-09 (KINEX Mall) S437157,SPhy(Pure),SPhy,Pure Physics,S3,CC,S3 Physics,S3 Pure Physics - Paya Lebar - 08 Sep (Mon) 1:00PM,[S3 Pure Physics] Paya Lebar | 08 Sep (Mon) | 01:00PM - 03:00PM,,,0,,,0,,0,0,0 | 0 | 24,0.00%,0,0,,Default,[S3 Pure Physics] Paya Lebar | 08 Sep (Mon) | 01:00PM - 03:00PM
"Sep CC - Sec<>Sec - P Phy<>S3<>Dynamics, Pressure, Energy<>Nick<>Potong Pasir<>PP-2 (L1)<>21<>10 Sep (Wed)<>1:00 pm",Sep CC - Sec,Sec - P Phy,S3,"Dynamics, Pressure, Energy",Nick,Potong Pasir,PP-2 (L1),21,10 Sep (Wed),1:00:00 PM,9/10/2025,01:00PM - 03:00PM,bit.ly/zenithPP,25 Tai Thong Crescent (Beside 7-11) S347856,SPhy(Pure),SPhy,Pure Physics,S3,CC,S3 Physics,S3 Pure Physics - Potong Pasir - 10 Sep (Wed) 1:00PM,[S3 Pure Physics] Potong Pasir | 10 Sep (Wed) | 01:00PM - 03:00PM,,,0,,,0,,0,0,0 | 0 | 21,0.00%,0,0,,Default,[S3 Pure Physics] Potong Pasir | 10 Sep (Wed) | 01:00PM - 03:00PM
"Sep CC - Sec<>Sec - P Phy<>S3<>Dynamics, Pressure, Energy<>Jael<>Tampines<>TP-3 (main)<>20<>08 Sep (Mon)<>10:00 am",Sep CC - Sec,Sec - P Phy,S3,"Dynamics, Pressure, Energy",Jael,Tampines,TP-3 (main),20,08 Sep (Mon),10:00:00 AM,9/8/2025,10:00AM - 12:00PM,bit.ly/zenithTP,1 Tampines Central #08-10 (CPF Building) SS529508,SPhy(Pure),SPhy,Pure Physics,S3,CC,S3 Physics,S3 Pure Physics - Tampines - 08 Sep (Mon) 10:00AM,[S3 Pure Physics] Tampines | 08 Sep (Mon) | 10:00AM - 12:00PM,,,0,,,0,,0,0,0 | 0 | 20,0.00%,0,0,,Default,[S3 Pure Physics] Tampines | 08 Sep (Mon) | 10:00AM - 12:00PM
"Sep CC - Sec<>Sec - P Phy<>S3<>Dynamics, Pressure, Energy<>Liu Yuan<>Tampines<>TP-2 (main)<>22<>12 Sep (Fri)<>7:00 pm",Sep CC - Sec,Sec - P Phy,S3,"Dynamics, Pressure, Energy",Liu Yuan,Tampines,TP-2 (main),22,12 Sep (Fri),7:00:00 PM,9/12/2025,07:00PM - 09:00PM,bit.ly/zenithTP,1 Tampines Central #08-10 (CPF Building) SS529508,SPhy(Pure),SPhy,Pure Physics,S3,CC,S3 Physics,S3 Pure Physics - Tampines - 12 Sep (Fri) 7:00PM,[S3 Pure Physics] Tampines | 12 Sep (Fri) | 07:00PM - 09:00PM,,,0,,,0,,0,0,0 | 0 | 22,0.00%,0,0,,Default,[S3 Pure Physics] Tampines | 12 Sep (Fri) | 07:00PM - 09:00PM
Sep CC - Sec<>Sec (IP) - Eng<>S3<>Argumentative Essay<>Antonia<>Bishan<>BS-6 (Sec)<>9<>09 Sep (Tue)<>10:00 am,Sep CC - Sec,Sec (IP) - Eng,S3,Argumentative Essay,Antonia,Bishan,BS-6 (Sec),9,09 Sep (Tue),10:00:00 AM,9/9/2025,10:00AM - 12:00PM,bit.ly/zenithBISHAN,51 Bishan Street 13 #03-01 (Bishan CC) S579799,SEng(IP),SEng,IP English,S3,CC,S3 English (IP),S3 IP English - Bishan - 09 Sep (Tue) 10:00AM,[S3 IP English] Bishan | 09 Sep (Tue) | 10:00AM - 12:00PM,,,0,,,0,,0,0,0 | 0 | 9,0.00%,0,0,,Default,[S3 IP English] Bishan | 09 Sep (Tue) | 10:00AM - 12:00PM
Sep CC - Sec<>Sec (IP) - Eng<>S3<>Argumentative Essay<>Antonia<>Tan Kah Kee<>CORO-2<>15<>10 Sep (Wed)<>7:15 pm,Sep CC - Sec,Sec (IP) - Eng,S3,Argumentative Essay,Antonia,Tan Kah Kee,CORO-2,15,10 Sep (Wed),7:15:00 PM,9/10/2025,07:15PM - 09:15PM,bit.ly/zenithCORO,"587 Bukit Timah Rd, #01-05 Coronation Plaza (Beside KFC) S269707",SEng(IP),SEng,IP English,S3,Hybrid,S3 English (IP),S3 IP English - Tan Kah Kee - 10 Sep (Wed) 7:15PM,[S3 IP English] Tan Kah Kee | 10 Sep (Wed) | 07:15PM - 09:15PM,,,0,,,0,,0,0,0 | 0 | 15,0.00%,0,0,,Default,[S3 IP English] Tan Kah Kee | 10 Sep (Wed) | 07:15PM - 09:15PM
Sep CC - Sec<>Sec (IP) - Math<>S3<>Trigonometric Identities<>Cameron<>Tan Kah Kee<>CORO-3<>15<>10 Sep (Wed)<>10:00 am,Sep CC - Sec,Sec (IP) - Math,S3,Trigonometric Identities,Cameron,Tan Kah Kee,CORO-3,15,10 Sep (Wed),10:00:00 AM,9/10/2025,10:00AM - 12:00PM,bit.ly/zenithCORO,"587 Bukit Timah Rd, #01-05 Coronation Plaza (Beside KFC) S269707",SMath(IP),SMath,IP Math,S3,CC,S3 Math (IP),S3 IP Math - Tan Kah Kee - 10 Sep (Wed) 10:00AM,[S3 IP Math] Tan Kah Kee | 10 Sep (Wed) | 10:00AM - 12:00PM,,,0,,,0,,0,0,0 | 0 | 15,0.00%,0,0,,Default,[S3 IP Math] Tan Kah Kee | 10 Sep (Wed) | 10:00AM - 12:00PM
Sep CC - Sec<>Sec (IP) - Math<>S3<>Trigonometric Identities<>E-Lin<>Tan Kah Kee<>CORO-2<>15<>14 Sep (Sun)<>2:00 pm,Sep CC - Sec,Sec (IP) - Math,S3,Trigonometric Identities,E-Lin,Tan Kah Kee,CORO-2,15,14 Sep (Sun),2:00:00 PM,9/14/2025,02:00PM - 04:00PM,bit.ly/zenithCORO,"587 Bukit Timah Rd, #01-05 Coronation Plaza (Beside KFC) S269707",SMath(IP),SMath,IP Math,S3,CC,S3 Math (IP),S3 IP Math - Tan Kah Kee - 14 Sep (Sun) 2:00PM,[S3 IP Math] Tan Kah Kee | 14 Sep (Sun) | 02:00PM - 04:00PM,,,0,,,0,,0,0,0 | 0 | 15,0.00%,0,0,,Default,[S3 IP Math] Tan Kah Kee | 14 Sep (Sun) | 02:00PM - 04:00PM
Sep CC - Sec<>Sec (IP) - Eng<>S4<>Argumentative Essay<>Antonia<>Tan Kah Kee<>CORO-2<>15<>10 Sep (Wed)<>5:00 pm,Sep CC - Sec,Sec (IP) - Eng,S4,Argumentative Essay,Antonia,Tan Kah Kee,CORO-2,15,10 Sep (Wed),5:00:00 PM,9/10/2025,05:00PM - 07:00PM,bit.ly/zenithCORO,"587 Bukit Timah Rd, #01-05 Coronation Plaza (Beside KFC) S269707",SEng(IP),SEng,IP English,S4,Hybrid,S4 English (IP),S4 IP English - Tan Kah Kee - 10 Sep (Wed) 5:00PM,[S4 IP English] Tan Kah Kee | 10 Sep (Wed) | 05:00PM - 07:00PM,,,0,,,0,,0,0,0 | 0 | 15,0.00%,0,0,,Default,[S4 IP English] Tan Kah Kee | 10 Sep (Wed) | 05:00PM - 07:00PM
Sep CC - Sec<>Sec (IP) - Eng<>S4<>Argumentative Essay<>Antonia<>Tan Kah Kee<>TKK-1<>14<>11 Sep (Thu)<>10:00 am,Sep CC - Sec,Sec (IP) - Eng,S4,Argumentative Essay,Antonia,Tan Kah Kee,TKK-1,14,11 Sep (Thu),10:00:00 AM,9/11/2025,10:00AM - 12:00PM,bit.ly/TKK607,607 Bukit Timah Road #02-01 S269708,SEng(IP),SEng,IP English,S4,CC,S4 English (IP),S4 IP English - Tan Kah Kee - 11 Sep (Thu) 10:00AM,[S4 IP English] Tan Kah Kee | 11 Sep (Thu) | 10:00AM - 12:00PM,,,0,,,0,,0,0,0 | 0 | 14,0.00%,0,0,,Default,[S4 IP English] Tan Kah Kee | 11 Sep (Thu) | 10:00AM - 12:00PM
Sep CC - Sec<>Sec (IP) - Math<>S4<>Applications of Integration<>Cameron<>Tan Kah Kee<>CORO-3<>15<>10 Sep (Wed)<>1:00 pm,Sep CC - Sec,Sec (IP) - Math,S4,Applications of Integration,Cameron,Tan Kah Kee,CORO-3,15,10 Sep (Wed),1:00:00 PM,9/10/2025,01:00PM - 03:00PM,bit.ly/zenithCORO,"587 Bukit Timah Rd, #01-05 Coronation Plaza (Beside KFC) S269707",SMath(IP),SMath,IP Math,S4,CC,S4 Math (IP),S4 IP Math - Tan Kah Kee - 10 Sep (Wed) 1:00PM,[S4 IP Math] Tan Kah Kee | 10 Sep (Wed) | 01:00PM - 03:00PM,,,0,,,0,,0,0,0 | 0 | 15,0.00%,0,0,,Default,[S4 IP Math] Tan Kah Kee | 10 Sep (Wed) | 01:00PM - 03:00PM